subject_id,trial,clip_id,valence,arousal,predicted_valence,predicted_arousal,true_emotion,predicted_emotion,correct
1,1,5,6.960000038146973,3.9200000762939453,5.477436065673828,5.209117889404297,cheerful,joy,False
1,2,18,7.230000019073486,7.150000095367432,5.538908004760742,5.798100471496582,exciting,exciting,True
1,3,4,4.940000057220459,6.010000228881836,5.749746799468994,6.341285228729248,shock,exciting,False
1,4,24,7.039999961853027,7.090000152587891,5.762293815612793,6.34649658203125,exciting,exciting,True
1,5,20,8.260000228881836,7.909999847412109,4.834436893463135,5.043219089508057,exciting,hate,False
1,6,31,3.0299999713897705,8.140000343322754,5.454383373260498,5.196220397949219,shock,fun,False
1,7,40,5.099999904632568,7.119999885559082,6.229153633117676,6.026187896728516,shock,exciting,False
1,8,39,3.240000009536743,6.179999828338623,5.96481990814209,5.673066139221191,terrible,exciting,False
1,9,13,1.9500000476837158,3.119999885559082,6.236196517944336,5.742511749267578,melancholy,joy,False
1,10,33,3.809999942779541,3.8499999046325684,4.807299613952637,4.8531293869018555,depressing,depressing,True
1,11,6,8.270000457763672,3.9200000762939453,5.758857250213623,5.931292533874512,love,exciting,False
1,12,10,1.9900000095367432,4.860000133514404,5.9582695960998535,5.667453289031982,sad,exciting,False
1,13,35,2.059999942779541,8.149999618530273,5.913045406341553,6.489673614501953,shock,exciting,False
1,14,22,7.090000152587891,2.0799999237060547,5.962780952453613,5.675439834594727,lovely,exciting,False
1,15,15,3.1700000762939453,8.079999923706055,5.502599716186523,5.787454605102539,shock,exciting,False
1,16,17,2.4600000381469727,6.909999847412109,5.614112854003906,5.439576148986816,terrible,exciting,False
1,17,36,2.9000000953674316,6.920000076293945,5.027614593505859,4.684615135192871,shock,mellow,False
1,18,34,2.2799999713897705,7.090000152587891,5.040416717529297,4.692907810211182,terrible,mellow,False
1,19,14,4.179999828338623,2.240000009536743,5.557279586791992,5.805373191833496,sentimental,exciting,False
1,20,27,7.349999904632568,6.949999809265137,5.426337718963623,5.197713851928711,exciting,joy,False
1,21,11,2.990000009536743,2.359999895095825,5.52423620223999,5.79900598526001,depressing,exciting,False
1,22,30,2.0799999237060547,2.990000009536743,5.511229038238525,5.7851643562316895,depressing,exciting,False
1,23,29,1.3600000143051147,2.2699999809265137,4.837401390075684,5.067059516906738,depressing,terrible,False
1,24,1,7.710000038146973,7.599999904632568,5.9688897132873535,5.899752616882324,exciting,exciting,True
1,25,7,7.440000057220459,3.7300000190734863,6.216494083404541,6.024460315704346,cheerful,exciting,False
1,26,32,2.2799999713897705,8.0,4.866476535797119,5.083652496337891,shock,terrible,False
1,27,12,2.7100000381469727,2.7699999809265137,5.163234233856201,5.375086784362793,depressing,exciting,False
1,28,16,6.809999942779541,7.440000057220459,5.796600818634033,5.750217437744141,exciting,exciting,True
1,29,25,8.859999656677246,7.210000038146973,5.54375696182251,5.377770900726318,joy,exciting,False
1,30,28,3.880000114440918,3.3499999046325684,6.23794412612915,6.024166584014893,depressing,exciting,False
1,31,8,7.320000171661377,2.549999952316284,4.837454795837402,5.1815314292907715,lovely,shock,False
1,32,3,8.579999923706055,7.539999961853027,6.2123188972473145,6.016353607177734,exciting,exciting,True
1,33,38,3.3299999237060547,7.179999828338623,5.285122871398926,5.312449932098389,shock,exciting,False
1,34,37,2.309999942779541,6.880000114440918,5.53312349319458,5.794773578643799,terrible,exciting,False
1,35,19,7.170000076293945,8.0,5.604301452636719,5.446671485900879,exciting,exciting,True
1,36,2,8.100000381469727,7.309999942779541,5.564527988433838,5.802701950073242,exciting,exciting,True
1,37,21,9.0,7.949999809265137,5.567473411560059,5.80711030960083,exciting,exciting,True
1,38,23,8.149999618530273,3.009999990463257,5.549343109130859,5.386229038238525,cheerful,exciting,False
1,39,9,4.039999961853027,3.2899999618530273,5.615375518798828,5.442542552947998,depressing,exciting,False
1,40,26,7.28000020980835,7.269999980926514,5.621725559234619,5.44892692565918,exciting,exciting,True
2,1,27,4.960000038146973,5.010000228881836,3.319838047027588,5.128889083862305,hate,sad,False
2,2,17,9.0,3.0,3.829627275466919,4.7034406661987305,love,melancholy,False
2,3,35,1.9900000095367432,2.0,5.124305725097656,4.701920986175537,depressing,mellow,False
2,4,31,4.059999942779541,7.050000190734863,4.437305450439453,6.417817115783691,shock,shock,True
2,5,38,1.0,9.0,5.000608921051025,6.46085262298584,shock,shock,True
2,6,32,1.0,9.0,6.295986175537109,5.449784278869629,shock,fun,False
2,7,30,2.009999990463257,7.050000190734863,4.924623966217041,4.549952983856201,terrible,sentimental,False
2,8,33,5.0,8.029999732971191,4.553175926208496,4.69851016998291,shock,depressing,False
2,9,24,7.079999923706055,9.0,3.7486584186553955,4.841212749481201,exciting,sad,False
2,10,29,2.990000009536743,7.039999961853027,3.8466014862060547,5.125362396240234,shock,hate,False
2,11,20,8.970000267028809,9.0,4.136325836181641,6.314244747161865,exciting,shock,False
2,12,12,8.010000228881836,6.059999942779541,5.255935192108154,4.679127216339111,fun,lovely,False
2,13,28,4.059999942779541,4.96999979019165,3.8586010932922363,5.273746490478516,sad,hate,False
2,14,37,1.0,8.0600004196167,5.682530403137207,4.270089149475098,terrible,lovely,False
2,15,7,4.960000038146973,1.9900000095367432,3.5787413120269775,6.288361072540283,mellow,shock,False
2,16,6,5.0,4.940000057220459,4.694113731384277,5.1300482749938965,mellow,terrible,False
2,17,26,9.0,8.039999961853027,5.031199932098389,5.464982986450195,exciting,shock,False
2,18,18,9.0,6.150000095367432,5.9067864418029785,4.869555473327637,fun,love,False
2,19,8,9.0,9.0,4.140689849853516,6.864480018615723,exciting,shock,False
2,20,2,8.010000228881836,7.099999904632568,3.447796106338501,5.121800899505615,exciting,sad,False
2,21,11,7.079999923706055,1.0,3.44624400138855,6.308824062347412,lovely,terrible,False
2,22,4,6.050000190734863,1.0,5.434684753417969,5.875673770904541,mellow,exciting,False
2,23,19,9.0,8.319999694824219,3.439204216003418,4.556535243988037,exciting,melancholy,False
2,24,14,8.9399995803833,9.0,5.825697898864746,4.965917110443115,exciting,happy,False
2,25,23,1.0,2.9700000286102295,6.567062854766846,5.7197160720825195,melancholy,joy,False
2,26,13,9.0,4.989999771118164,6.0220465660095215,5.885241985321045,happy,exciting,False
2,27,25,9.0,9.0,6.288933753967285,5.438043594360352,exciting,fun,False
2,28,39,1.0,1.0,5.5830559730529785,5.275282859802246,depressing,joy,False
2,29,40,6.050000190734863,6.670000076293945,3.848446846008301,5.266801357269287,exciting,hate,False
2,30,9,9.0,7.0,4.31313419342041,6.435892581939697,joy,shock,False
2,31,21,1.0,1.0,5.715588092803955,5.891341209411621,depressing,exciting,False
2,32,22,5.0,1.0,5.981143951416016,6.312952041625977,mellow,exciting,False
2,33,5,5.039999961853027,3.0,6.291629791259766,5.601445198059082,mellow,joy,False
2,34,1,9.0,5.03000020980835,5.460603713989258,4.980001926422119,happy,happy,True
2,35,15,9.0,8.010000228881836,6.293085098266602,5.449581146240234,exciting,fun,False
2,36,36,5.039999961853027,1.0,4.215764999389648,5.341374397277832,mellow,terrible,False
2,37,3,9.0,9.0,4.014155387878418,6.448655128479004,exciting,shock,False
2,38,34,4.869999885559082,1.0,4.566938400268555,5.315676689147949,mellow,terrible,False
2,39,10,4.989999771118164,1.0,6.5536956787109375,5.8577680587768555,mellow,joy,False
2,40,16,6.0,5.050000190734863,3.883493185043335,5.272560119628906,happy,hate,False
3,1,16,7.150000095367432,4.369999885559082,5.876328945159912,4.174549579620361,love,lovely,False
3,2,6,6.789999961853027,1.9700000286102295,6.116354465484619,4.696451187133789,lovely,love,False
3,3,25,3.450000047683716,1.409999966621399,5.005490779876709,4.872013568878174,sentimental,mellow,False
3,4,22,4.940000057220459,1.0,4.692709445953369,5.888014316558838,mellow,shock,False
3,5,32,5.170000076293945,4.489999771118164,6.012579917907715,4.565553665161133,mellow,love,False
3,6,18,7.099999904632568,2.130000114440918,5.27538537979126,5.184858322143555,lovely,joy,False
3,7,1,5.329999923706055,4.670000076293945,5.285760879516602,5.186425685882568,lovely,joy,False
3,8,26,4.670000076293945,1.1799999475479126,6.671675205230713,4.861892223358154,sentimental,happy,False
3,9,29,4.46999979019165,3.8499999046325684,5.613242149353027,4.8348822593688965,sentimental,love,False
3,10,31,4.440000057220459,4.059999942779541,4.58255672454834,3.155035972595215,depressing,sentimental,False
3,11,2,7.210000038146973,4.440000057220459,3.8699347972869873,2.156200408935547,love,sentimental,False
3,12,8,7.139999866485596,4.329999923706055,6.8055219650268555,4.834909439086914,love,love,True
3,13,21,4.989999771118164,6.440000057220459,6.1097846031188965,4.420813083648682,shock,cheerful,False
3,14,37,4.920000076293945,6.050000190734863,6.1439313888549805,4.148755073547363,shock,cheerful,False
3,15,39,4.329999923706055,6.210000038146973,5.600689888000488,4.423331260681152,shock,lovely,False
3,16,27,6.71999979019165,3.2899999618530273,5.314402103424072,5.5564117431640625,lovely,exciting,False
3,17,19,8.140000343322754,3.1700000762939453,5.761301517486572,5.3394269943237305,cheerful,joy,False
3,18,14,7.289999961853027,3.859999895095825,6.008940696716309,5.119556903839111,love,happy,False
3,19,36,5.010000228881836,5.5,4.99665641784668,4.895565032958984,shock,mellow,False
3,20,13,7.909999847412109,2.9700000286102295,4.8401031494140625,4.288214206695557,cheerful,sentimental,False
3,21,30,3.869999885559082,3.0899999141693115,6.11549711227417,4.429466724395752,depressing,cheerful,False
3,22,11,7.940000057220459,3.119999885559082,5.2096357345581055,5.4480814933776855,cheerful,exciting,False
3,23,4,4.690000057220459,3.690000057220459,6.440802574157715,5.596606254577637,sentimental,fun,False
3,24,12,6.360000133514404,3.1500000953674316,5.758751392364502,3.8900203704833984,lovely,lovely,True
3,25,35,3.180000066757202,5.039999961853027,5.872572898864746,4.868523120880127,sad,love,False
3,26,5,6.920000076293945,4.440000057220459,6.143532752990723,4.72039794921875,love,love,True
3,27,20,6.260000228881836,3.130000114440918,5.286464691162109,5.882913589477539,lovely,exciting,False
3,28,38,4.53000020980835,5.679999828338623,6.301339149475098,6.349222183227539,shock,exciting,False
3,29,40,5.380000114440918,4.329999923706055,5.158355712890625,5.269548416137695,lovely,exciting,False
3,30,34,4.71999979019165,8.119999885559082,6.115100860595703,4.696325302124023,shock,love,False
3,31,17,4.559999942779541,1.7799999713897705,6.165088653564453,4.292205810546875,sentimental,cheerful,False
3,32,9,7.329999923706055,3.2300000190734863,6.420105934143066,4.8489484786987305,cheerful,love,False
3,33,10,4.449999809265137,5.489999771118164,5.746583938598633,4.006566524505615,shock,lovely,False
3,34,15,7.360000133514404,2.9200000762939453,5.8695759773254395,3.874387741088867,lovely,lovely,True
3,35,33,4.050000190734863,3.8299999237060547,6.112992286682129,4.68861198425293,depressing,love,False
3,36,7,5.449999809265137,3.009999990463257,5.458864688873291,4.445337772369385,mellow,lovely,False
3,37,23,3.6500000953674316,2.5,5.863460063934326,3.8658108711242676,depressing,lovely,False
3,38,28,5.590000152587891,2.509999990463257,6.094845771789551,4.396613121032715,mellow,cheerful,False
3,39,24,3.309999942779541,2.2699999809265137,5.716707706451416,3.854874849319458,depressing,lovely,False
3,40,3,7.550000190734863,2.809999942779541,5.87509298324585,4.000494956970215,lovely,lovely,True
4,1,20,8.170000076293945,8.050000190734863,7.28729772567749,5.034187316894531,exciting,happy,False
4,2,30,3.0999999046325684,3.0799999237060547,4.01002311706543,5.319151878356934,depressing,hate,False
4,3,11,7.239999771118164,7.079999923706055,4.7465739250183105,5.451228141784668,exciting,shock,False
4,4,12,5.039999961853027,5.039999961853027,4.894716262817383,5.039299011230469,exciting,terrible,False
4,5,10,3.1500000953674316,3.990000009536743,4.191080570220947,5.900667667388916,melancholy,shock,False
4,6,7,2.940000057220459,1.9900000095367432,5.257050037384033,5.738438129425049,depressing,exciting,False
4,7,9,6.050000190734863,3.9600000381469727,4.306678771972656,5.605782508850098,lovely,shock,False
4,8,6,5.010000228881836,2.950000047683716,4.778326511383057,4.60732364654541,mellow,depressing,False
4,9,39,1.9199999570846558,2.9600000381469727,4.764444351196289,5.36838436126709,depressing,shock,False
4,10,25,7.0,6.039999961853027,4.02824068069458,5.302785873413086,joy,hate,False
4,11,23,1.8600000143051147,2.0399999618530273,5.036079406738281,5.314240455627441,depressing,exciting,False
4,12,4,6.099999904632568,3.9200000762939453,5.021142482757568,4.903203964233398,lovely,mellow,False
4,13,2,4.059999942779541,3.309999942779541,5.465102672576904,5.023216247558594,depressing,happy,False
4,14,8,5.96999979019165,5.050000190734863,6.738013744354248,5.172804832458496,happy,happy,True
4,15,17,7.010000228881836,5.949999809265137,3.739622116088867,6.1555914878845215,joy,shock,False
4,16,14,6.960000038146973,6.96999979019165,6.736913681030273,5.176957607269287,exciting,happy,False
4,17,40,1.8600000143051147,2.9100000858306885,6.312201499938965,5.303881645202637,depressing,happy,False
4,18,3,8.949999809265137,8.100000381469727,4.890172004699707,5.597910404205322,exciting,shock,False
4,19,15,6.960000038146973,7.050000190734863,5.88413143157959,5.021703243255615,exciting,happy,False
4,20,21,1.7699999809265137,2.059999942779541,4.740180015563965,4.879521369934082,depressing,melancholy,False
4,21,34,2.1700000762939453,2.180000066757202,3.298135280609131,6.191990852355957,depressing,terrible,False
4,22,38,1.7899999618530273,1.850000023841858,4.327582836151123,5.7257771492004395,depressing,shock,False
4,23,37,1.0,1.0,4.585093975067139,6.02579402923584,depressing,shock,False
4,24,36,2.7200000286102295,2.759999990463257,4.291233062744141,5.895449638366699,depressing,shock,False
4,25,24,2.7100000381469727,5.130000114440918,4.316222190856934,5.5916523933410645,sad,shock,False
4,26,27,6.139999866485596,6.130000114440918,5.3285956382751465,4.895737648010254,exciting,love,False
4,27,29,1.850000023841858,4.880000114440918,3.4685394763946533,6.314150810241699,sad,shock,False
4,28,1,6.679999828338623,5.03000020980835,3.1480319499969482,6.33571195602417,happy,terrible,False
4,29,28,2.1700000762939453,6.960000038146973,5.2733235359191895,5.185886383056641,terrible,exciting,False
4,30,35,2.0299999713897705,2.880000114440918,4.016965866088867,5.310274124145508,depressing,hate,False
4,31,31,2.009999990463257,2.2300000190734863,3.5987658500671387,6.213906764984131,depressing,shock,False
4,32,13,4.119999885559082,4.880000114440918,4.890604019165039,5.318341255187988,sad,shock,False
4,33,19,7.090000152587891,6.21999979019165,3.3359060287475586,6.6066131591796875,joy,shock,False
4,34,26,6.0,4.090000152587891,3.902524948120117,5.732905387878418,lovely,terrible,False
4,35,5,4.059999942779541,5.039999961853027,4.305777072906494,5.598859786987305,sad,shock,False
4,36,33,1.0,1.9700000286102295,3.5971920490264893,5.8851447105407715,depressing,terrible,False
4,37,16,2.509999990463257,2.950000047683716,4.308337211608887,5.598118305206299,depressing,shock,False
4,38,22,1.8600000143051147,2.7799999713897705,5.290838241577148,5.464968204498291,depressing,exciting,False
4,39,18,4.900000095367432,2.8499999046325684,4.137848854064941,4.764873027801514,mellow,melancholy,False
4,40,32,1.0099999904632568,6.150000095367432,3.860985279083252,6.294829845428467,hate,shock,False
5,1,40,7.0,6.960000038146973,5.3076276779174805,5.776381015777588,exciting,exciting,True
5,2,12,7.079999923706055,4.03000020980835,6.883049011230469,4.553033828735352,love,love,True
5,3,37,1.909999966621399,7.010000228881836,4.832195281982422,6.066328048706055,terrible,shock,False
5,4,26,7.960000038146973,3.0,5.294320583343506,5.612539291381836,cheerful,exciting,False
5,5,25,5.960000038146973,4.869999885559082,5.125984191894531,3.7400999069213867,love,mellow,False
5,6,19,8.029999732971191,4.96999979019165,4.691588401794434,4.729495048522949,happy,depressing,False
5,7,11,9.0,6.0,5.63336706161499,5.315653324127197,happy,joy,False
5,8,2,9.0,9.0,5.003431797027588,5.458817481994629,exciting,shock,False
5,9,32,1.940000057220459,4.119999885559082,5.141648292541504,5.474028587341309,melancholy,exciting,False
5,10,7,5.119999885559082,6.96999979019165,5.178788185119629,4.807680130004883,shock,lovely,False
5,11,27,7.0,1.9900000095367432,5.010283470153809,4.623129844665527,lovely,mellow,False
5,12,38,1.0,3.9100000858306885,6.124028205871582,4.166313171386719,melancholy,cheerful,False
5,13,17,6.880000114440918,2.9600000381469727,4.981342315673828,4.065669059753418,lovely,mellow,False
5,14,1,6.96999979019165,4.900000095367432,4.358377456665039,5.426489353179932,happy,terrible,False
5,15,18,8.050000190734863,3.9700000286102295,5.717025279998779,6.199362754821777,love,exciting,False
5,16,10,3.0299999713897705,4.0,4.676330089569092,5.78560209274292,melancholy,shock,False
5,17,31,6.900000095367432,6.039999961853027,5.199347019195557,5.59315299987793,joy,exciting,False
5,18,13,4.940000057220459,2.880000114440918,5.675083637237549,6.193811416625977,mellow,exciting,False
5,19,24,4.0,5.039999961853027,5.135257720947266,4.902034282684326,sad,cheerful,False
5,20,34,6.03000020980835,6.96999979019165,4.67176628112793,5.48754358291626,exciting,shock,False
5,21,36,4.909999847412109,9.0,4.727170467376709,5.129931449890137,shock,terrible,False
5,22,4,8.239999771118164,5.079999923706055,5.317956447601318,5.53265905380249,happy,exciting,False
5,23,21,4.0,2.869999885559082,3.8945226669311523,5.739442825317383,sentimental,terrible,False
5,24,30,2.940000057220459,8.100000381469727,4.805604934692383,4.8597798347473145,shock,depressing,False
5,25,29,4.039999961853027,3.009999990463257,4.874394416809082,5.47470760345459,depressing,shock,False
5,26,33,5.170000076293945,9.0,5.578803539276123,5.743611812591553,shock,exciting,False
5,27,20,7.0,1.9900000095367432,4.689483642578125,4.059360027313232,lovely,sentimental,False
5,28,14,7.210000038146973,4.010000228881836,4.533425807952881,5.052699089050293,love,hate,False
5,29,15,6.96999979019165,6.050000190734863,5.745577335357666,6.173356533050537,joy,exciting,False
5,30,5,3.0399999618530273,4.010000228881836,4.5533928871154785,4.906040191650391,melancholy,melancholy,True
5,31,16,5.960000038146973,5.039999961853027,4.740647315979004,5.465095043182373,happy,shock,False
5,32,28,3.9000000953674316,4.079999923706055,4.725476264953613,5.62544059753418,depressing,shock,False
5,33,35,4.860000133514404,8.100000381469727,5.008439540863037,5.028600692749023,shock,exciting,False
5,34,3,4.949999809265137,4.880000114440918,3.6580312252044678,6.254199504852295,sentimental,shock,False
5,35,22,6.989999771118164,7.949999809265137,4.673218727111816,5.065240383148193,exciting,hate,False
5,36,9,6.940000057220459,4.949999809265137,5.237894058227539,4.803577899932861,happy,cheerful,False
5,37,8,8.170000076293945,5.909999847412109,6.162967205047607,4.859780311584473,fun,love,False
5,38,6,8.09000015258789,7.079999923706055,5.020211219787598,5.458415508270264,joy,shock,False
5,39,39,1.0,4.860000133514404,4.427830696105957,5.4759907722473145,sad,terrible,False
5,40,23,1.0,7.050000190734863,4.672008514404297,5.910311698913574,terrible,shock,False
6,1,31,3.6500000953674316,3.490000009536743,5.243013858795166,5.074151039123535,depressing,fun,False
6,2,5,7.010000228881836,7.380000114440918,4.759042263031006,3.3329479694366455,exciting,sentimental,False
6,3,38,4.440000057220459,5.579999923706055,5.456605911254883,5.681731224060059,shock,exciting,False
6,4,20,5.010000228881836,3.049999952316284,4.401501655578613,3.396247386932373,mellow,sentimental,False
6,5,32,6.989999771118164,4.5,5.641981601715088,5.781887054443359,love,exciting,False
6,6,11,4.989999771118164,2.5,4.584530353546143,3.2052712440490723,mellow,sentimental,False
6,7,18,7.590000152587891,5.809999942779541,5.272372245788574,5.537906646728516,fun,exciting,False
6,8,7,8.260000228881836,8.270000457763672,4.269993782043457,2.6068148612976074,exciting,sentimental,False
6,9,15,5.590000152587891,3.7899999618530273,5.686790943145752,5.781930923461914,lovely,exciting,False
6,10,27,5.079999923706055,3.4700000286102295,5.385687351226807,5.6751508712768555,mellow,exciting,False
6,11,30,6.989999771118164,3.7899999618530273,5.09798002243042,4.569020748138428,cheerful,mellow,False
6,12,10,7.369999885559082,5.460000038146973,6.347885608673096,5.443423271179199,happy,fun,False
6,13,37,4.829999923706055,5.739999771118164,5.838815212249756,5.635385513305664,shock,exciting,False
6,14,16,5.059999942779541,7.449999809265137,5.47851037979126,3.447202682495117,shock,mellow,False
6,15,21,6.28000020980835,4.590000152587891,5.325109958648682,5.283534049987793,love,exciting,False
6,16,14,6.320000171661377,3.490000009536743,5.124059677124023,4.5493974685668945,lovely,mellow,False
6,17,36,5.710000038146973,6.210000038146973,5.02488374710083,5.316573619842529,exciting,shock,False
6,18,34,3.309999942779541,4.449999809265137,6.282907962799072,5.140651226043701,melancholy,happy,False
6,19,26,5.079999923706055,3.369999885559082,5.735228538513184,5.878414154052734,mellow,exciting,False
6,20,24,3.5,4.010000228881836,6.1964921951293945,4.415926933288574,depressing,love,False
6,21,39,6.559999942779541,6.5,4.856220245361328,4.477328777313232,exciting,sentimental,False
6,22,28,6.420000076293945,3.619999885559082,5.882946491241455,5.376814365386963,lovely,fun,False
6,23,2,6.829999923706055,6.619999885559082,5.158035755157471,4.733366012573242,exciting,lovely,False
6,24,12,7.170000076293945,3.119999885559082,5.4347124099731445,5.690048694610596,lovely,exciting,False
6,25,13,7.789999961853027,3.950000047683716,4.792548656463623,3.5254244804382324,love,sentimental,False
6,26,9,7.869999885559082,5.130000114440918,4.911217212677002,5.374673366546631,happy,shock,False
6,27,40,4.849999904632568,4.639999866485596,5.612991809844971,5.630490303039551,sentimental,exciting,False
6,28,23,3.4700000286102295,3.5399999618530273,4.839380741119385,2.514303684234619,depressing,sentimental,False
6,29,19,7.409999847412109,5.599999904632568,5.98204231262207,5.475102424621582,happy,joy,False
6,30,3,7.690000057220459,5.989999771118164,4.4037346839904785,4.003225803375244,fun,depressing,False
6,31,25,7.090000152587891,6.420000076293945,5.659376621246338,5.009760856628418,exciting,happy,False
6,32,4,7.550000190734863,6.789999961853027,6.627256393432617,5.492283821105957,exciting,fun,False
6,33,17,6.71999979019165,3.630000114440918,4.156359672546387,4.2005815505981445,cheerful,depressing,False
6,34,22,7.559999942779541,3.190000057220459,4.677313327789307,4.648924350738525,cheerful,depressing,False
6,35,29,4.269999980926514,5.449999809265137,4.736599445343018,3.1822609901428223,terrible,sentimental,False
6,36,33,6.679999828338623,4.369999885559082,4.925067901611328,4.9520721435546875,love,melancholy,False
6,37,1,8.1899995803833,4.130000114440918,5.104384899139404,5.030078887939453,love,fun,False
6,38,8,7.050000190734863,2.690000057220459,4.740233421325684,6.579012870788574,lovely,shock,False
6,39,6,8.050000190734863,4.5,5.1143364906311035,2.103980302810669,love,mellow,False
6,40,35,3.9600000381469727,5.710000038146973,4.000382423400879,3.1809186935424805,terrible,depressing,False
7,1,17,7.119999885559082,2.049999952316284,6.196385860443115,4.302307605743408,lovely,cheerful,False
7,2,27,6.090000152587891,3.0399999618530273,5.740209102630615,3.309687614440918,lovely,lovely,True
7,3,30,3.0899999141693115,6.079999923706055,5.580448150634766,4.133196830749512,terrible,lovely,False
7,4,29,7.090000152587891,2.940000057220459,5.674822807312012,5.100318908691406,lovely,happy,False
7,5,3,7.099999904632568,4.119999885559082,6.047999382019043,4.620364665985107,love,love,True
7,6,4,7.079999923706055,5.03000020980835,6.611635208129883,4.599277019500732,happy,love,False
7,7,26,2.0,4.039999961853027,5.426578521728516,4.739587306976318,melancholy,cheerful,False
7,8,34,4.010000228881836,7.130000114440918,5.908967971801758,5.48894739151001,shock,joy,False
7,9,33,4.96999979019165,7.079999923706055,5.37864351272583,4.093901634216309,shock,mellow,False
7,10,6,6.96999979019165,6.039999961853027,6.034172058105469,4.607541561126709,joy,love,False
7,11,38,5.03000020980835,7.099999904632568,6.051492214202881,4.609138011932373,shock,love,False
7,12,25,2.990000009536743,3.0299999713897705,6.046296119689941,4.617281913757324,depressing,love,False
7,13,18,7.03000020980835,3.059999942779541,6.6050591468811035,5.349047660827637,lovely,happy,False
7,14,37,5.050000190734863,7.039999961853027,6.187004089355469,4.304911136627197,shock,cheerful,False
7,15,8,7.0,5.989999771118164,5.726253986358643,3.3061366081237793,joy,mellow,False
7,16,22,3.049999952316284,2.0299999713897705,5.852608680725098,4.751929759979248,depressing,love,False
7,17,9,6.989999771118164,4.0,7.186967849731445,4.432031154632568,love,love,True
7,18,15,7.989999771118164,3.009999990463257,6.26613187789917,4.238508224487305,cheerful,cheerful,True
7,19,2,7.150000095367432,5.960000038146973,6.044247150421143,4.312722206115723,joy,cheerful,False
7,20,39,7.010000228881836,7.010000228881836,5.706611633300781,4.560331344604492,exciting,cheerful,False
7,21,19,6.989999771118164,6.039999961853027,6.602461814880371,5.599066257476807,joy,fun,False
7,22,7,7.079999923706055,7.059999942779541,6.274045467376709,4.240752220153809,exciting,cheerful,False
7,23,20,8.0600004196167,6.059999942779541,6.333107948303223,4.166703224182129,fun,cheerful,False
7,24,10,7.090000152587891,7.039999961853027,6.197066307067871,4.468273162841797,exciting,love,False
7,25,31,6.960000038146973,7.03000020980835,6.505103588104248,4.596033096313477,exciting,love,False
7,26,21,3.119999885559082,5.989999771118164,6.256246566772461,4.215294361114502,terrible,cheerful,False
7,27,40,7.010000228881836,7.03000020980835,5.828972339630127,5.007279872894287,exciting,happy,False
7,28,1,8.100000381469727,4.010000228881836,5.776279449462891,4.613274097442627,love,love,True
7,29,23,3.009999990463257,3.0399999618530273,6.0565104484558105,4.615778923034668,depressing,love,False
7,30,35,5.010000228881836,8.050000190734863,6.3985276222229,4.371157169342041,shock,love,False
7,31,32,4.960000038146973,7.090000152587891,6.053399562835693,4.616481781005859,shock,love,False
7,32,13,8.0,2.9600000381469727,4.73171329498291,3.5666635036468506,cheerful,sentimental,False
7,33,14,7.090000152587891,5.03000020980835,5.810131072998047,3.7431068420410156,happy,lovely,False
7,34,5,7.050000190734863,6.989999771118164,5.279500961303711,4.3411545753479,exciting,mellow,False
7,35,11,7.03000020980835,7.090000152587891,6.3339691162109375,4.304602146148682,exciting,cheerful,False
7,36,24,1.9700000286102295,7.03000020980835,6.593273162841797,5.006126403808594,terrible,happy,False
7,37,12,6.989999771118164,4.050000190734863,5.578688621520996,4.155145645141602,love,lovely,False
7,38,36,8.100000381469727,9.0,6.328459739685059,4.339700222015381,exciting,love,False
7,39,28,2.049999952316284,2.0,5.746300220489502,3.3152923583984375,depressing,lovely,False
7,40,16,3.0299999713897705,5.039999961853027,6.61169958114624,4.877167701721191,sad,happy,False
8,1,22,4.230000019073486,5.789999961853027,4.5065789222717285,4.994417190551758,shock,sad,False
8,2,34,5.050000190734863,6.829999923706055,5.310349941253662,3.997183322906494,shock,mellow,False
8,3,9,8.779999732971191,7.239999771118164,3.6867544651031494,5.09248161315918,joy,sad,False
8,4,32,6.329999923706055,8.229999542236328,4.92117166519165,5.611239433288574,exciting,shock,False
8,5,30,1.399999976158142,3.130000114440918,5.148406028747559,5.416120529174805,melancholy,exciting,False
8,6,11,8.40999984741211,5.0,5.033429145812988,5.314083576202393,happy,shock,False
8,7,7,5.039999961853027,5.039999961853027,4.896046161651611,4.648637771606445,exciting,sentimental,False
8,8,23,3.5899999141693115,3.680000066757202,5.169435501098633,6.23322868347168,depressing,exciting,False
8,9,4,6.820000171661377,8.229999542236328,5.597999572753906,4.968050479888916,exciting,happy,False
8,10,8,8.819999694824219,6.400000095367432,4.9008636474609375,6.015369415283203,fun,shock,False
8,11,20,6.739999771118164,4.210000038146973,4.840222358703613,6.192518711090088,love,shock,False
8,12,16,4.210000038146973,5.059999942779541,5.878414630889893,5.296989917755127,sad,fun,False
8,13,17,6.670000076293945,4.769999980926514,5.1015729904174805,4.538270950317383,love,mellow,False
8,14,13,7.900000095367432,5.090000152587891,4.700594902038574,4.7144083976745605,happy,depressing,False
8,15,28,5.039999961853027,4.960000038146973,5.412501811981201,4.738487720489502,lovely,cheerful,False
8,16,24,4.150000095367432,4.559999942779541,4.664017677307129,4.300083637237549,melancholy,depressing,False
8,17,40,3.130000114440918,5.03000020980835,4.990845203399658,4.862115383148193,sad,sentimental,False
8,18,35,3.619999885559082,6.670000076293945,5.324275016784668,5.304782867431641,shock,exciting,False
8,19,31,1.4500000476837158,6.599999904632568,6.015961647033691,4.561121940612793,terrible,love,False
8,20,29,2.7799999713897705,2.990000009536743,4.468339443206787,5.6155900955200195,depressing,shock,False
8,21,38,4.71999979019165,4.690000057220459,4.193319320678711,6.026937961578369,depressing,shock,False
8,22,1,7.599999904632568,6.78000020980835,5.419402599334717,4.894557476043701,exciting,love,False
8,23,21,4.679999828338623,6.409999847412109,4.4560322761535645,5.2952752113342285,shock,terrible,False
8,24,33,4.440000057220459,6.440000057220459,5.419529914855957,3.8722951412200928,shock,mellow,False
8,25,15,8.329999923706055,5.039999961853027,5.428925037384033,5.598038196563721,happy,exciting,False
8,26,18,7.210000038146973,4.03000020980835,4.438508987426758,5.458959579467773,love,terrible,False
8,27,5,4.409999847412109,7.71999979019165,5.3684282302856445,4.904483318328857,shock,love,False
8,28,19,5.039999961853027,6.28000020980835,4.865165710449219,4.110980033874512,shock,sentimental,False
8,29,27,4.460000038146973,4.590000152587891,5.176891326904297,5.328406810760498,depressing,exciting,False
8,30,37,5.059999942779541,3.309999942779541,4.771087169647217,5.481686115264893,mellow,shock,False
8,31,6,7.400000095367432,7.260000228881836,5.952053546905518,5.033919334411621,exciting,happy,False
8,32,26,4.989999771118164,4.989999771118164,5.1936421394348145,3.5982508659362793,depressing,mellow,False
8,33,39,5.050000190734863,3.4600000381469727,5.049971580505371,5.7255754470825195,mellow,shock,False
8,34,10,4.96999979019165,3.5999999046325684,4.223753452301025,5.0580153465271,mellow,sad,False
8,35,12,8.470000267028809,6.539999961853027,4.455568790435791,3.4300551414489746,joy,sentimental,False
8,36,36,1.2100000381469727,7.940000057220459,4.149857997894287,6.574191570281982,terrible,shock,False
8,37,2,5.039999961853027,6.510000228881836,4.56459903717041,4.148914337158203,shock,depressing,False
8,38,14,6.880000114440918,4.96999979019165,5.296600818634033,5.487807750701904,happy,exciting,False
8,39,25,3.7200000286102295,3.9000000953674316,4.721956253051758,4.6826653480529785,depressing,depressing,True
8,40,3,8.149999618530273,6.960000038146973,5.294937610626221,4.880856037139893,joy,love,False
9,1,1,5.050000190734863,4.039999961853027,4.870968818664551,5.24859094619751,mellow,shock,False
9,2,9,5.960000038146973,4.050000190734863,3.67824649810791,6.627667427062988,lovely,shock,False
9,3,7,5.079999923706055,5.010000228881836,5.610377311706543,4.256495475769043,happy,lovely,False
9,4,10,3.940000057220459,3.9600000381469727,5.585896968841553,5.5376362800598145,depressing,exciting,False
9,5,14,7.0,6.130000114440918,5.551764965057373,4.0176873207092285,joy,lovely,False
9,6,35,3.009999990463257,6.03000020980835,4.180394172668457,5.3897480964660645,terrible,terrible,True
9,7,4,5.989999771118164,5.96999979019165,5.035478591918945,4.672454357147217,exciting,mellow,False
9,8,24,4.03000020980835,5.010000228881836,4.184900760650635,5.365758895874023,sad,terrible,False
9,9,18,4.900000095367432,4.96999979019165,3.9145452976226807,5.511265754699707,melancholy,terrible,False
9,10,37,2.990000009536743,6.090000152587891,5.321073532104492,4.68317985534668,terrible,lovely,False
9,11,29,3.990000009536743,4.150000095367432,4.2500901222229,5.780691623687744,depressing,shock,False
9,12,30,4.039999961853027,6.059999942779541,4.458974838256836,5.15765905380249,shock,hate,False
9,13,40,5.039999961853027,5.010000228881836,6.15720272064209,3.8466224670410156,happy,lovely,False
9,14,11,7.119999885559082,7.099999904632568,4.021670341491699,4.566492557525635,exciting,melancholy,False
9,15,17,6.03000020980835,6.039999961853027,5.151544570922852,4.377575874328613,exciting,mellow,False
9,16,20,5.119999885559082,4.96999979019165,5.813140869140625,4.2784624099731445,love,lovely,False
9,17,25,5.039999961853027,4.039999961853027,5.281413555145264,4.576474189758301,mellow,lovely,False
9,18,6,7.039999961853027,6.190000057220459,5.185727596282959,5.154848098754883,joy,exciting,False
9,19,16,4.050000190734863,4.0,4.863162994384766,5.304152488708496,depressing,shock,False
9,20,12,7.079999923706055,6.989999771118164,5.059814453125,4.824297904968262,exciting,mellow,False
9,21,27,5.039999961853027,5.050000190734863,4.3392653465271,4.529671669006348,exciting,depressing,False
9,22,34,5.059999942779541,6.099999904632568,6.025938034057617,4.26173210144043,shock,cheerful,False
9,23,22,3.990000009536743,4.0,4.634402751922607,4.746109962463379,depressing,depressing,True
9,24,5,4.989999771118164,4.960000038146973,6.595287322998047,4.980311870574951,sentimental,happy,False
9,25,28,2.9600000381469727,7.079999923706055,5.519659996032715,4.5516886711120605,shock,lovely,False
9,26,38,2.9200000762939453,6.090000152587891,4.341585159301758,4.528392314910889,terrible,depressing,False
9,27,3,7.079999923706055,7.139999866485596,5.467958450317383,4.343313217163086,exciting,lovely,False
9,28,31,6.059999942779541,6.059999942779541,3.833127021789551,6.2039899826049805,exciting,shock,False
9,29,23,5.0,4.96999979019165,5.190942764282227,4.536794185638428,mellow,mellow,True
9,30,21,4.039999961853027,4.010000228881836,5.425345420837402,4.9003472328186035,depressing,love,False
9,31,19,3.9700000286102295,4.03000020980835,6.155684471130371,3.818058490753174,depressing,lovely,False
9,32,2,7.079999923706055,6.139999866485596,4.0622639656066895,5.7942023277282715,joy,terrible,False
9,33,36,3.0799999237060547,7.050000190734863,4.33540678024292,4.538044452667236,shock,depressing,False
9,34,39,3.1700000762939453,6.099999904632568,4.180902481079102,4.681183338165283,terrible,melancholy,False
9,35,13,8.149999618530273,7.039999961853027,5.077842712402344,3.788966655731201,joy,mellow,False
9,36,15,6.210000038146973,6.010000228881836,4.749573707580566,4.617100238800049,exciting,depressing,False
9,37,32,3.0999999046325684,5.96999979019165,4.940402030944824,4.54094123840332,terrible,sentimental,False
9,38,8,6.150000095367432,5.0,4.769932746887207,5.620213985443115,happy,shock,False
9,39,26,4.099999904632568,4.099999904632568,6.078089714050293,4.819694519042969,depressing,love,False
9,40,33,3.0799999237060547,4.059999942779541,5.340555667877197,4.753853797912598,melancholy,cheerful,False
10,1,11,8.989999771118164,7.139999866485596,5.743317127227783,5.271904945373535,joy,fun,False
10,2,24,6.820000171661377,2.0299999713897705,5.78270149230957,6.502111911773682,lovely,exciting,False
10,3,8,5.679999828338623,4.050000190734863,4.6213507652282715,5.494843006134033,lovely,shock,False
10,4,32,5.960000038146973,7.46999979019165,5.467166900634766,6.32155179977417,exciting,exciting,True
10,5,37,2.9200000762939453,6.260000228881836,4.586447715759277,6.9419732093811035,terrible,shock,False
10,6,14,8.8100004196167,4.909999847412109,4.3080058097839355,6.807868957519531,happy,shock,False
10,7,7,8.960000038146973,7.579999923706055,4.803067684173584,6.331730842590332,joy,shock,False
10,8,12,5.369999885559082,4.369999885559082,5.088281154632568,6.4497833251953125,lovely,shock,False
10,9,19,7.820000171661377,5.190000057220459,4.809271812438965,7.205636024475098,happy,shock,False
10,10,13,6.71999979019165,3.640000104904175,6.352303504943848,4.642206192016602,cheerful,love,False
10,11,22,4.239999771118164,2.9600000381469727,4.156647682189941,5.711610317230225,sentimental,terrible,False
10,12,36,2.1700000762939453,6.179999828338623,4.681197643280029,6.5194854736328125,terrible,shock,False
10,13,2,3.549999952316284,5.760000228881836,4.873964786529541,5.518573760986328,terrible,shock,False
10,14,26,4.949999809265137,1.6799999475479126,5.417346954345703,5.422959804534912,mellow,exciting,False
10,15,39,2.1700000762939453,6.210000038146973,4.510452747344971,5.089992046356201,terrible,hate,False
10,16,35,1.3799999952316284,5.96999979019165,5.305881500244141,5.248586177825928,hate,exciting,False
10,17,18,7.309999942779541,3.440000057220459,4.883921146392822,5.9768147468566895,cheerful,shock,False
10,18,9,7.559999942779541,6.210000038146973,5.209968566894531,7.033937931060791,joy,shock,False
10,19,28,4.309999942779541,3.869999885559082,4.357389450073242,6.379236221313477,depressing,shock,False
10,20,33,4.940000057220459,5.730000019073486,4.192690849304199,6.389081001281738,shock,shock,True
10,21,23,2.869999885559082,4.239999771118164,5.609323024749756,5.031618595123291,melancholy,happy,False
10,22,31,4.150000095367432,5.489999771118164,5.680788993835449,6.505825042724609,terrible,exciting,False
10,23,27,4.940000057220459,2.9700000286102295,6.154581546783447,6.652161121368408,mellow,exciting,False
10,24,25,1.9199999570846558,4.010000228881836,3.84566068649292,6.609529972076416,melancholy,shock,False
10,25,15,5.309999942779541,2.880000114440918,4.709832191467285,5.945887088775635,mellow,shock,False
10,26,20,5.579999923706055,3.259999990463257,4.076934337615967,5.9250264167785645,mellow,shock,False
10,27,4,7.010000228881836,5.909999847412109,4.733258247375488,5.476107120513916,joy,shock,False
10,28,10,5.940000057220459,6.0,4.853689193725586,5.8346405029296875,exciting,shock,False
10,29,16,3.8499999046325684,2.8299999237060547,6.495570182800293,5.761125087738037,depressing,joy,False
10,30,3,5.860000133514404,4.449999809265137,5.101831436157227,5.4462432861328125,cheerful,exciting,False
10,31,17,4.949999809265137,3.9600000381469727,5.4630513191223145,5.781372547149658,mellow,exciting,False
10,32,29,3.940000057220459,2.9700000286102295,5.445550918579102,5.496622562408447,depressing,exciting,False
10,33,34,3.9100000858306885,5.949999809265137,5.167021751403809,5.504546165466309,shock,exciting,False
10,34,6,7.099999904632568,6.0,4.592123031616211,5.233011722564697,joy,terrible,False
10,35,1,7.909999847412109,6.150000095367432,5.55470085144043,6.728908538818359,fun,exciting,False
10,36,5,7.239999771118164,6.230000019073486,5.4852728843688965,6.087534427642822,joy,exciting,False
10,37,40,5.78000020980835,6.150000095367432,5.217146396636963,5.596457481384277,exciting,exciting,True
10,38,21,2.9700000286102295,5.21999979019165,5.539121627807617,5.958925247192383,hate,exciting,False
10,39,30,2.640000104904175,5.039999961853027,5.846348762512207,6.117692470550537,sad,exciting,False
10,40,38,1.909999966621399,5.460000038146973,4.370907783508301,5.074610233306885,hate,hate,True
11,1,39,1.0,8.699999809265137,5.027262210845947,5.607763290405273,shock,shock,True
11,2,27,2.2799999713897705,7.199999809265137,6.894501686096191,6.034126281738281,terrible,joy,False
11,3,3,7.409999847412109,5.210000038146973,5.480809688568115,5.615605354309082,happy,exciting,False
11,4,30,4.579999923706055,4.960000038146973,5.477777481079102,5.611820220947266,sad,exciting,False
11,5,16,4.349999904632568,1.2300000190734863,5.3145527839660645,4.752313613891602,sentimental,cheerful,False
11,6,29,2.319999933242798,2.8299999237060547,5.905819892883301,5.6200666427612305,depressing,exciting,False
11,7,37,1.4700000286102295,8.119999885559082,5.068612575531006,5.479300498962402,shock,exciting,False
11,8,38,1.350000023841858,7.449999809265137,5.029225826263428,4.904327392578125,terrible,mellow,False
11,9,6,5.320000171661377,5.380000114440918,3.5945961475372314,5.168202877044678,exciting,hate,False
11,10,19,5.539999961853027,2.5999999046325684,5.322322368621826,5.3413238525390625,mellow,exciting,False
11,11,7,6.369999885559082,4.71999979019165,4.598269462585449,5.443021297454834,love,shock,False
11,12,1,6.269999980926514,4.03000020980835,5.4885969161987305,5.62280797958374,cheerful,exciting,False
11,13,12,5.039999961853027,1.0099999904632568,4.8926568031311035,5.306975364685059,mellow,shock,False
11,14,24,2.880000114440918,1.059999942779541,5.910365104675293,5.06038761138916,depressing,happy,False
11,15,10,6.53000020980835,1.2899999618530273,5.321859836578369,5.346228122711182,mellow,exciting,False
11,16,33,5.639999866485596,6.360000133514404,3.3066720962524414,4.7497100830078125,exciting,sad,False
11,17,8,6.260000228881836,6.139999866485596,5.609597682952881,6.302572727203369,exciting,exciting,True
11,18,36,3.619999885559082,6.360000133514404,6.327906608581543,6.013486385345459,shock,exciting,False
11,19,4,7.650000095367432,6.53000020980835,3.6135008335113525,5.166646480560303,joy,hate,False
11,20,13,8.420000076293945,1.8200000524520874,4.602272033691406,5.441832065582275,lovely,shock,False
11,21,22,6.150000095367432,1.1699999570846558,4.603827953338623,5.446746349334717,mellow,shock,False
11,22,32,5.010000228881836,6.829999923706055,5.462821006774902,5.596193790435791,shock,exciting,False
11,23,35,1.2300000190734863,8.100000381469727,5.310418605804443,4.752776145935059,terrible,cheerful,False
11,24,2,5.670000076293945,3.859999895095825,5.166938781738281,4.879722595214844,lovely,cheerful,False
11,25,20,6.0,1.0499999523162842,4.592808723449707,5.449508190155029,mellow,shock,False
11,26,18,7.949999809265137,2.9600000381469727,4.326017379760742,5.0269622802734375,cheerful,sad,False
11,27,17,8.319999694824219,3.190000057220459,5.472152233123779,5.6065521240234375,cheerful,exciting,False
11,28,31,1.8300000429153442,3.7799999713897705,5.151296138763428,5.355416774749756,melancholy,exciting,False
11,29,25,5.010000228881836,1.7200000286102295,5.180513381958008,5.307640552520752,mellow,exciting,False
11,30,23,3.7200000286102295,2.7300000190734863,4.5993218421936035,5.453259468078613,depressing,shock,False
11,31,28,4.260000228881836,1.1299999952316284,5.4559006690979,5.58968448638916,sentimental,exciting,False
11,32,26,5.489999771118164,1.0099999904632568,4.597109794616699,5.44691801071167,mellow,shock,False
11,33,14,7.960000038146973,5.039999961853027,5.1650919914245605,4.8874993324279785,happy,cheerful,False
11,34,34,4.880000114440918,4.949999809265137,5.029609680175781,5.607831001281738,melancholy,shock,False
11,35,40,4.949999809265137,2.9000000953674316,5.3138427734375,4.756988525390625,mellow,cheerful,False
11,36,9,7.039999961853027,6.420000076293945,4.460904598236084,5.173061370849609,exciting,hate,False
11,37,21,3.2699999809265137,2.4100000858306885,5.457648754119873,5.588021278381348,depressing,exciting,False
11,38,5,7.409999847412109,6.400000095367432,5.168582439422607,4.882375240325928,joy,cheerful,False
11,39,15,6.920000076293945,1.059999942779541,4.581981658935547,5.450509071350098,lovely,shock,False
11,40,11,7.320000171661377,2.740000009536743,5.456585884094238,4.482671737670898,lovely,lovely,True
12,1,5,4.010000228881836,8.210000038146973,6.013089656829834,5.4760870933532715,shock,joy,False
12,2,12,6.860000133514404,6.900000095367432,4.896083354949951,4.203335762023926,exciting,sentimental,False
12,3,25,2.7799999713897705,5.099999904632568,6.01076078414917,5.479067802429199,sad,joy,False
12,4,40,6.809999942779541,8.720000267028809,6.466937065124512,5.180357933044434,exciting,happy,False
12,5,35,1.2200000286102295,8.899999618530273,6.0082688331604,5.474418640136719,shock,joy,False
12,6,11,7.78000020980835,5.090000152587891,6.748386383056641,5.167455673217773,happy,happy,True
12,7,22,3.3299999237060547,3.1700000762939453,6.0145673751831055,5.475492000579834,depressing,joy,False
12,8,34,4.869999885559082,8.239999771118164,5.887696743011475,6.0542521476745605,shock,exciting,False
12,9,30,3.359999895095825,7.179999828338623,4.866137504577637,4.699125289916992,shock,sentimental,False
12,10,10,4.059999942779541,6.960000038146973,5.748647689819336,6.460206031799316,shock,exciting,False
12,11,3,7.329999923706055,7.329999923706055,4.638945579528809,5.582220077514648,exciting,shock,False
12,12,20,7.349999904632568,6.909999847412109,4.6012163162231445,5.450647354125977,exciting,shock,False
12,13,4,6.860000133514404,9.0,5.73994255065918,4.784084320068359,exciting,love,False
12,14,37,1.0,7.960000038146973,6.168615341186523,5.769103527069092,terrible,joy,False
12,15,17,4.860000133514404,2.869999885559082,5.137892246246338,5.3723039627075195,sentimental,exciting,False
12,16,24,2.7899999618530273,4.860000133514404,6.037491798400879,5.170458793640137,sad,happy,False
12,17,18,7.349999904632568,5.130000114440918,6.004392623901367,6.6279120445251465,happy,exciting,False
12,18,36,2.819999933242798,7.139999866485596,5.728548049926758,6.053606986999512,shock,exciting,False
12,19,32,1.8600000143051147,6.949999809265137,6.467739582061768,5.180566787719727,terrible,happy,False
12,20,23,1.7400000095367432,3.1500000953674316,6.0149359703063965,6.7615485191345215,melancholy,exciting,False
12,21,13,7.989999771118164,6.909999847412109,6.186702728271484,5.29582405090332,joy,happy,False
12,22,15,7.079999923706055,5.949999809265137,5.722522735595703,5.609571933746338,joy,exciting,False
12,23,2,6.090000152587891,7.139999866485596,5.01579475402832,6.025186538696289,exciting,shock,False
12,24,26,6.079999923706055,5.139999866485596,5.986769676208496,6.628468990325928,happy,exciting,False
12,25,27,5.050000190734863,5.010000228881836,6.69490385055542,5.437047958374023,happy,happy,True
12,26,28,5.039999961853027,3.0299999713897705,5.583357810974121,5.370996475219727,mellow,joy,False
12,27,1,7.090000152587891,7.099999904632568,5.777574062347412,5.1012678146362305,exciting,happy,False
12,28,8,5.099999904632568,6.099999904632568,6.186997413635254,6.210638999938965,shock,exciting,False
12,29,6,6.650000095367432,7.079999923706055,5.888189315795898,6.047520637512207,exciting,exciting,True
12,30,19,7.03000020980835,6.880000114440918,6.0462260246276855,5.167847633361816,exciting,happy,False
12,31,7,6.769999980926514,7.010000228881836,5.888465404510498,4.587743282318115,exciting,love,False
12,32,39,3.180000066757202,7.170000076293945,5.177371025085449,4.591092586517334,shock,lovely,False
12,33,31,3.180000066757202,7.369999885559082,5.19011116027832,4.593016624450684,shock,lovely,False
12,34,14,8.149999618530273,5.190000057220459,7.035569190979004,4.736825466156006,happy,love,False
12,35,29,1.6699999570846558,5.210000038146973,4.351395130157471,5.867690563201904,sad,shock,False
12,36,9,7.949999809265137,8.739999771118164,5.884437561035156,5.304917812347412,exciting,fun,False
12,37,21,2.130000114440918,4.880000114440918,5.023170471191406,6.0338335037231445,sad,shock,False
12,38,16,5.039999961853027,3.049999952316284,5.171606063842773,4.605917930603027,mellow,lovely,False
12,39,38,2.8499999046325684,6.860000133514404,5.1863555908203125,4.5895562171936035,shock,lovely,False
12,40,33,1.899999976158142,7.96999979019165,5.615755081176758,5.587203025817871,shock,exciting,False
13,1,39,1.9700000286102295,9.0,5.688680171966553,5.40315580368042,shock,joy,False
13,2,19,8.510000228881836,5.96999979019165,5.786319732666016,5.784614562988281,fun,exciting,False
13,3,12,5.079999923706055,3.0799999237060547,6.5823469161987305,5.6477952003479,mellow,fun,False
13,4,11,7.039999961853027,6.059999942779541,4.513506889343262,5.940216064453125,joy,shock,False
13,5,29,4.039999961853027,7.039999961853027,4.263738632202148,6.0985589027404785,shock,shock,True
13,6,15,4.940000057220459,1.5499999523162842,5.6387786865234375,4.7015767097473145,mellow,love,False
13,7,20,7.599999904632568,6.059999942779541,5.5692901611328125,5.099183559417725,fun,happy,False
13,8,2,4.03000020980835,7.510000228881836,5.8430914878845215,5.4467010498046875,shock,joy,False
13,9,27,5.46999979019165,6.079999923706055,5.192055702209473,6.084660053253174,exciting,exciting,True
13,10,7,2.990000009536743,8.029999732971191,5.981203556060791,4.528675556182861,shock,love,False
13,11,36,2.5399999618530273,8.010000228881836,5.803827285766602,5.411167144775391,shock,joy,False
13,12,6,4.460000038146973,6.96999979019165,5.340493679046631,5.511609077453613,shock,exciting,False
13,13,37,1.0,8.970000267028809,5.299377918243408,6.010761737823486,shock,exciting,False
13,14,35,1.0,9.0,4.923084259033203,6.108664035797119,shock,shock,True
13,15,22,4.010000228881836,4.960000038146973,5.596665382385254,6.083282947540283,sad,exciting,False
13,16,1,6.150000095367432,8.09000015258789,5.451448440551758,5.365635395050049,exciting,exciting,True
13,17,33,4.550000190734863,7.010000228881836,5.514650344848633,6.533408164978027,shock,exciting,False
13,18,17,5.989999771118164,5.03000020980835,4.582531929016113,5.463011741638184,happy,shock,False
13,19,30,3.049999952316284,7.059999942779541,3.815980911254883,6.191557884216309,shock,shock,True
13,20,10,4.010000228881836,9.0,4.8124823570251465,5.4342145919799805,shock,shock,True
13,21,16,5.0,1.0,6.227926731109619,5.705966949462891,mellow,joy,False
13,22,24,2.9700000286102295,4.039999961853027,5.404768943786621,5.291289329528809,melancholy,exciting,False
13,23,26,5.039999961853027,4.0,5.7563347816467285,5.836271286010742,mellow,exciting,False
13,24,32,4.050000190734863,9.0,6.038589000701904,6.142822742462158,shock,exciting,False
13,25,28,7.079999923706055,8.010000228881836,5.452877998352051,6.149380207061768,exciting,exciting,True
13,26,38,1.0,9.0,4.658127307891846,5.781641960144043,shock,shock,True
13,27,3,9.0,7.059999942779541,5.05916166305542,5.498442649841309,joy,exciting,False
13,28,34,2.9200000762939453,8.989999771118164,7.026695251464844,6.098756313323975,shock,joy,False
13,29,13,9.0,7.059999942779541,5.277587413787842,4.712837219238281,joy,lovely,False
13,30,5,5.010000228881836,7.96999979019165,5.784053802490234,6.226328372955322,shock,exciting,False
13,31,9,7.059999942779541,6.989999771118164,6.020288944244385,5.912628173828125,exciting,exciting,True
13,32,25,3.9700000286102295,6.039999961853027,5.865295886993408,5.312628269195557,shock,fun,False
13,33,21,2.0,6.0,5.40924072265625,5.766746997833252,hate,exciting,False
13,34,8,7.989999771118164,7.03000020980835,5.116475582122803,5.7026872634887695,exciting,exciting,True
13,35,14,7.96999979019165,5.039999961853027,5.639348030090332,5.547966957092285,happy,exciting,False
13,36,18,7.940000057220459,5.989999771118164,6.500978946685791,5.346988677978516,fun,happy,False
13,37,4,7.079999923706055,7.010000228881836,5.406942844390869,5.289409637451172,exciting,exciting,True
13,38,23,1.0,5.989999771118164,4.842263698577881,4.975775241851807,hate,sad,False
13,39,31,1.9700000286102295,9.0,5.5990400314331055,5.358337879180908,shock,joy,False
13,40,40,4.079999923706055,9.0,5.852437973022461,6.0122880935668945,shock,exciting,False
14,1,5,3.990000009536743,7.059999942779541,5.931016445159912,5.284866809844971,shock,fun,False
14,2,10,1.8799999952316284,8.029999732971191,6.605594158172607,5.153931140899658,shock,happy,False
14,3,28,2.5299999713897705,2.9600000381469727,5.9060869216918945,4.306613922119141,depressing,cheerful,False
14,4,30,1.100000023841858,5.940000057220459,5.869866847991943,4.863825798034668,hate,love,False
14,5,2,6.050000190734863,7.900000095367432,5.572274684906006,5.403049468994141,exciting,exciting,True
14,6,13,6.789999961853027,3.190000057220459,5.7873311042785645,5.582820415496826,lovely,exciting,False
14,7,14,8.029999732971191,4.360000133514404,5.928897380828857,4.603794097900391,love,love,True
14,8,8,7.0,6.210000038146973,6.331323623657227,5.291807651519775,joy,happy,False
14,9,15,7.079999923706055,3.369999885559082,6.318329811096191,5.2876667976379395,cheerful,happy,False
14,10,22,4.099999904632568,3.140000104904175,3.975731372833252,5.713705539703369,depressing,terrible,False
14,11,1,8.220000267028809,7.78000020980835,5.628439426422119,5.593005657196045,exciting,exciting,True
14,12,20,7.329999923706055,6.630000114440918,5.8800482749938965,5.007614612579346,exciting,happy,False
14,13,36,2.009999990463257,6.210000038146973,6.322050094604492,5.285046577453613,terrible,happy,False
14,14,9,7.690000057220459,7.440000057220459,5.350064277648926,5.409287452697754,exciting,exciting,True
14,15,4,7.380000114440918,6.71999979019165,5.500576496124268,5.455092906951904,exciting,exciting,True
14,16,39,6.650000095367432,7.059999942779541,7.094886779785156,6.2812819480896,exciting,joy,False
14,17,32,1.9900000095367432,6.949999809265137,6.278116703033447,4.571622371673584,terrible,love,False
14,18,40,6.679999828338623,6.860000133514404,6.05358362197876,5.158138275146484,exciting,happy,False
14,19,24,2.359999895095825,6.190000057220459,5.921955108642578,4.593043327331543,terrible,love,False
14,20,34,2.5,6.079999923706055,6.140693664550781,4.54596471786499,terrible,love,False
14,21,29,2.9200000762939453,5.960000038146973,4.784756660461426,5.009690761566162,terrible,sad,False
14,22,3,7.5,6.679999828338623,5.893466472625732,5.263100624084473,joy,fun,False
14,23,6,7.190000057220459,6.829999923706055,6.647470951080322,5.866517066955566,exciting,joy,False
14,24,19,7.550000190734863,5.920000076293945,6.315303802490234,4.816188812255859,fun,love,False
14,25,38,2.259999990463257,5.769999980926514,6.489575386047363,5.717540264129639,hate,joy,False
14,26,21,1.0299999713897705,6.090000152587891,5.913182735443115,5.021104335784912,hate,happy,False
14,27,11,8.029999732971191,4.260000228881836,5.636537075042725,5.444111347198486,love,exciting,False
14,28,12,7.630000114440918,2.5999999046325684,5.5120978355407715,5.673534393310547,lovely,exciting,False
14,29,26,3.2799999713897705,2.319999933242798,6.362856864929199,5.5725417137146,depressing,fun,False
14,30,33,3.180000066757202,5.829999923706055,5.566629409790039,5.275059223175049,terrible,joy,False
14,31,31,3.259999990463257,6.489999771118164,5.497320175170898,5.425096035003662,shock,exciting,False
14,32,18,8.09000015258789,3.1500000953674316,6.433197975158691,4.70036506652832,cheerful,love,False
14,33,17,6.059999942779541,3.319999933242798,5.632144927978516,5.445424556732178,lovely,exciting,False
14,34,16,3.9600000381469727,2.3499999046325684,6.134788990020752,5.6976799964904785,sentimental,joy,False
14,35,35,2.680000066757202,6.170000076293945,5.336958885192871,5.144041538238525,terrible,fun,False
14,36,37,3.4700000286102295,5.960000038146973,5.328719139099121,5.290748596191406,terrible,exciting,False
14,37,25,3.869999885559082,3.0899999141693115,6.2029948234558105,5.872143745422363,depressing,exciting,False
14,38,23,2.4100000858306885,5.949999809265137,5.623473167419434,5.016617298126221,terrible,happy,False
14,39,27,5.809999942779541,3.0899999141693115,6.036777019500732,5.32020902633667,mellow,fun,False
14,40,7,6.849999904632568,5.53000020980835,5.991177082061768,4.971182823181152,fun,happy,False
15,1,29,4.050000190734863,6.079999923706055,6.473438739776611,4.86381196975708,shock,love,False
15,2,28,4.010000228881836,4.96999979019165,5.464644432067871,5.904767036437988,sad,exciting,False
15,3,1,8.899999618530273,5.860000133514404,6.558130741119385,6.458311080932617,happy,exciting,False
15,4,40,4.010000228881836,7.119999885559082,5.878236770629883,6.053837299346924,shock,exciting,False
15,5,38,2.0799999237060547,7.03000020980835,5.167874336242676,4.914278030395508,terrible,cheerful,False
15,6,11,8.989999771118164,5.010000228881836,6.009186267852783,4.897150039672852,happy,love,False
15,7,36,3.9600000381469727,5.0,6.708626747131348,5.488609790802002,sad,fun,False
15,8,7,5.039999961853027,3.059999942779541,5.362846374511719,4.840174198150635,mellow,love,False
15,9,30,2.0399999618530273,6.989999771118164,6.3119330406188965,4.3049798011779785,terrible,cheerful,False
15,10,26,4.960000038146973,3.0399999618530273,4.667599678039551,4.6303629875183105,mellow,depressing,False
15,11,22,4.119999885559082,2.0399999618530273,5.739892959594727,6.4355363845825195,sentimental,exciting,False
15,12,19,7.039999961853027,3.009999990463257,6.219873428344727,3.887468099594116,lovely,lovely,True
15,13,15,8.119999885559082,4.03000020980835,5.870762825012207,5.749092102050781,love,exciting,False
15,14,4,8.039999961853027,3.9600000381469727,6.035386562347412,5.7571492195129395,love,exciting,False
15,15,17,8.100000381469727,2.9600000381469727,7.056408405303955,6.045543670654297,cheerful,joy,False
15,16,16,4.170000076293945,2.950000047683716,5.905004501342773,4.497735500335693,sentimental,cheerful,False
15,17,6,9.0,5.130000114440918,6.899234771728516,5.0417375564575195,happy,happy,True
15,18,23,3.049999952316284,4.119999885559082,7.037718772888184,5.163440704345703,melancholy,happy,False
15,19,10,4.989999771118164,5.039999961853027,5.466901779174805,5.174147605895996,shock,fun,False
15,20,2,5.039999961853027,4.059999942779541,5.374293327331543,5.338377475738525,mellow,exciting,False
15,21,33,3.009999990463257,4.010000228881836,5.195652484893799,5.744106769561768,melancholy,exciting,False
15,22,20,7.96999979019165,5.059999942779541,5.3493781089782715,4.436615467071533,happy,lovely,False
15,23,37,3.0399999618530273,5.039999961853027,4.873473167419434,4.787256717681885,sad,depressing,False
15,24,39,4.0,5.03000020980835,5.995150089263916,4.737147808074951,sad,love,False
15,25,35,5.050000190734863,6.909999847412109,7.042788505554199,4.054559707641602,shock,love,False
15,26,24,1.9199999570846558,6.050000190734863,4.320430755615234,4.758693695068359,hate,melancholy,False
15,27,9,9.0,5.059999942779541,5.654019355773926,4.288339614868164,happy,lovely,False
15,28,13,7.059999942779541,4.039999961853027,6.036352157592773,5.32150411605835,love,fun,False
15,29,31,2.990000009536743,4.010000228881836,5.751753807067871,4.019810199737549,melancholy,lovely,False
15,30,12,7.079999923706055,2.990000009536743,6.172181129455566,6.613964080810547,lovely,exciting,False
15,31,18,7.039999961853027,4.050000190734863,6.4897990226745605,5.726889133453369,love,joy,False
15,32,25,2.9600000381469727,5.039999961853027,5.893788814544678,4.595262050628662,sad,love,False
15,33,21,3.0899999141693115,3.140000104904175,5.299500465393066,4.913319110870361,depressing,love,False
15,34,3,8.039999961853027,5.0,4.461440086364746,4.77448034286499,happy,melancholy,False
15,35,5,9.0,7.150000095367432,5.348076343536377,4.74111270904541,joy,cheerful,False
15,36,14,8.149999618530273,3.950000047683716,6.031566143035889,6.46173620223999,love,exciting,False
15,37,8,9.0,5.039999961853027,5.9935302734375,4.908431053161621,happy,love,False
15,38,27,6.0,4.139999866485596,4.88075590133667,5.63206672668457,lovely,shock,False
15,39,34,3.009999990463257,7.130000114440918,5.045409679412842,6.049985885620117,shock,shock,True
15,40,32,3.9700000286102295,6.050000190734863,7.062870025634766,3.9158215522766113,shock,cheerful,False
16,1,14,3.640000104904175,6.28000020980835,4.594776630401611,5.344146728515625,shock,terrible,False
16,2,32,5.010000228881836,8.119999885559082,6.150441646575928,6.628180503845215,shock,exciting,False
16,3,5,5.510000228881836,7.900000095367432,6.04397439956665,6.046360492706299,exciting,exciting,True
16,4,6,4.989999771118164,3.630000114440918,4.310878753662109,6.5463457107543945,mellow,shock,False
16,5,37,6.090000152587891,5.5,5.73578405380249,6.057783126831055,joy,exciting,False
16,6,9,4.179999828338623,4.239999771118164,5.206380367279053,3.895005941390991,depressing,mellow,False
16,7,21,4.420000076293945,2.0,5.605342864990234,4.575054168701172,sentimental,cheerful,False
16,8,23,3.9000000953674316,3.8299999237060547,6.141226768493652,5.391373634338379,depressing,fun,False
16,9,20,3.819999933242798,5.869999885559082,6.316662788391113,5.434661865234375,terrible,fun,False
16,10,4,7.090000152587891,5.670000076293945,5.869946002960205,6.182936668395996,fun,exciting,False
16,11,39,6.130000114440918,5.96999979019165,5.210048675537109,5.184264183044434,exciting,exciting,True
16,12,10,5.139999866485596,7.5,5.567677021026611,4.531940460205078,shock,cheerful,False
16,13,15,2.6700000762939453,5.53000020980835,5.825222969055176,5.021817684173584,hate,happy,False
16,14,40,3.740000009536743,3.7699999809265137,5.543565273284912,4.637617111206055,depressing,cheerful,False
16,15,35,1.0,3.7100000381469727,6.558188438415527,5.38739013671875,melancholy,happy,False
16,16,22,6.789999961853027,1.0,5.118415355682373,4.362081050872803,lovely,mellow,False
16,17,3,6.739999771118164,5.829999923706055,6.017978668212891,4.853265762329102,joy,love,False
16,18,31,3.880000114440918,5.789999961853027,5.581399917602539,3.710422992706299,terrible,lovely,False
16,19,17,1.2100000381469727,8.470000267028809,5.75931978225708,4.760417461395264,shock,love,False
16,20,27,2.5899999141693115,5.489999771118164,5.239855766296387,4.8020339012146,hate,cheerful,False
16,21,25,2.4700000286102295,3.450000047683716,4.6341938972473145,6.276247978210449,melancholy,shock,False
16,22,24,2.509999990463257,5.380000114440918,4.812644004821777,4.561326503753662,hate,sentimental,False
16,23,36,5.050000190734863,3.8299999237060547,4.914684295654297,5.669573783874512,mellow,shock,False
16,24,8,3.509999990463257,2.880000114440918,5.988595962524414,5.666272163391113,depressing,joy,False
16,25,29,3.2300000190734863,2.7899999618530273,6.041122913360596,5.559208869934082,depressing,joy,False
16,26,18,6.559999942779541,5.71999979019165,6.742216110229492,4.710701942443848,joy,love,False
16,27,2,6.449999809265137,5.03000020980835,6.054175853729248,4.443338871002197,happy,cheerful,False
16,28,26,1.8200000524520874,6.210000038146973,6.406052589416504,4.500463962554932,terrible,love,False
16,29,16,4.96999979019165,1.0,6.266740322113037,6.200836181640625,mellow,exciting,False
16,30,34,1.0,7.53000020980835,6.051678657531738,4.737203598022461,terrible,love,False
16,31,11,7.269999980926514,4.269999980926514,6.010558128356934,4.852977752685547,love,love,True
16,32,30,6.099999904632568,3.680000066757202,5.898437023162842,5.321788787841797,lovely,fun,False
16,33,33,1.0,3.9200000762939453,5.982431888580322,5.366482257843018,melancholy,fun,False
16,34,7,6.829999923706055,2.869999885559082,5.162221908569336,5.313619613647461,lovely,exciting,False
16,35,13,3.880000114440918,2.140000104904175,5.714217185974121,5.243054389953613,sentimental,fun,False
16,36,28,2.8499999046325684,3.380000114440918,5.5933732986450195,5.608293533325195,depressing,exciting,False
16,37,12,5.96999979019165,3.9000000953674316,4.8701701164245605,3.9979937076568604,lovely,sentimental,False
16,38,19,2.859999895095825,2.940000057220459,5.831109046936035,5.303798198699951,depressing,fun,False
16,39,38,4.269999980926514,6.260000228881836,6.019354343414307,6.759471893310547,shock,exciting,False
16,40,1,2.509999990463257,5.650000095367432,6.180881023406982,4.17251443862915,hate,cheerful,False
17,1,8,6.050000190734863,4.989999771118164,6.653149604797363,6.160406112670898,happy,exciting,False
17,2,10,6.090000152587891,7.050000190734863,4.8805623054504395,4.753939151763916,exciting,depressing,False
17,3,39,7.099999904632568,7.03000020980835,5.250272750854492,4.689047813415527,exciting,lovely,False
17,4,1,4.050000190734863,5.960000038146973,5.541083335876465,5.187303066253662,shock,fun,False
17,5,25,6.179999828338623,4.0,5.409542560577393,4.457363128662109,lovely,lovely,True
17,6,17,4.119999885559082,2.5,4.765270709991455,5.340771675109863,sentimental,shock,False
17,7,34,4.989999771118164,6.380000114440918,5.215574741363525,4.36752986907959,shock,mellow,False
17,8,2,7.260000228881836,7.03000020980835,4.485151290893555,5.996174335479736,exciting,shock,False
17,9,40,5.039999961853027,6.03000020980835,5.69620418548584,4.728235244750977,shock,love,False
17,10,6,6.900000095367432,5.949999809265137,5.727133750915527,4.487520217895508,joy,cheerful,False
17,11,23,3.619999885559082,2.950000047683716,5.612539768218994,4.495422840118408,depressing,cheerful,False
17,12,9,6.039999961853027,6.130000114440918,6.004148006439209,4.633234977722168,exciting,love,False
17,13,15,5.960000038146973,4.059999942779541,5.327091217041016,4.335232734680176,lovely,lovely,True
17,14,26,3.7300000190734863,2.7699999809265137,4.448872089385986,4.808326721191406,depressing,melancholy,False
17,15,19,7.269999980926514,6.03000020980835,5.469992160797119,4.335146903991699,joy,lovely,False
17,16,29,5.539999961853027,5.0,4.0764312744140625,4.333501815795898,happy,depressing,False
17,17,31,4.539999961853027,5.690000057220459,4.449978828430176,4.034966468811035,shock,depressing,False
17,18,16,5.920000076293945,3.619999885559082,4.807097911834717,4.892630577087402,lovely,melancholy,False
17,19,27,3.9600000381469727,3.2899999618530273,5.257559299468994,4.958399295806885,depressing,love,False
17,20,24,4.53000020980835,4.269999980926514,6.206901550292969,5.6090545654296875,depressing,joy,False
17,21,33,3.8299999237060547,5.739999771118164,5.408056735992432,4.483369827270508,terrible,lovely,False
17,22,28,5.639999866485596,3.7799999713897705,5.766646385192871,3.714473247528076,lovely,lovely,True
17,23,32,4.039999961853027,5.860000133514404,5.660465240478516,4.665572643280029,shock,love,False
17,24,13,4.539999961853027,5.510000228881836,5.527816295623779,4.050107955932617,shock,lovely,False
17,25,7,7.079999923706055,6.599999904632568,6.115409851074219,4.675686359405518,exciting,love,False
17,26,30,3.0399999618530273,5.809999942779541,4.814027309417725,4.009521484375,terrible,sentimental,False
17,27,4,6.349999904632568,5.559999942779541,5.4813151359558105,4.225600242614746,fun,lovely,False
17,28,36,3.369999885559082,6.119999885559082,5.732216835021973,5.371784210205078,terrible,joy,False
17,29,18,6.21999979019165,3.8299999237060547,5.760587692260742,4.028974533081055,lovely,lovely,True
17,30,35,4.170000076293945,5.739999771118164,5.625053405761719,5.592309474945068,shock,exciting,False
17,31,20,7.03000020980835,3.880000114440918,4.733211517333984,5.410940647125244,cheerful,shock,False
17,32,3,6.460000038146973,5.78000020980835,5.168591022491455,5.467180252075195,joy,exciting,False
17,33,12,5.960000038146973,3.680000066757202,4.964180946350098,5.18821907043457,lovely,shock,False
17,34,21,4.0,4.090000152587891,5.019274711608887,4.898897171020508,depressing,mellow,False
17,35,14,6.579999923706055,5.849999904632568,5.888157367706299,5.3465728759765625,joy,fun,False
17,36,5,7.050000190734863,8.149999618530273,5.633137226104736,4.714173793792725,exciting,love,False
17,37,11,6.03000020980835,5.670000076293945,5.082526683807373,4.181846618652344,joy,mellow,False
17,38,37,3.4600000381469727,7.03000020980835,5.929268836975098,4.628194332122803,shock,love,False
17,39,22,3.190000057220459,3.819999933242798,5.876654624938965,5.597499847412109,depressing,exciting,False
17,40,38,3.5999999046325684,6.230000019073486,5.503193378448486,5.51115083694458,shock,exciting,False
18,1,25,4.230000019073486,5.599999904632568,5.998065948486328,5.012990951538086,terrible,happy,False
18,2,10,6.090000152587891,7.289999961853027,6.3016557693481445,5.975251197814941,exciting,exciting,True
18,3,16,4.380000114440918,4.03000020980835,4.352485656738281,5.44263219833374,depressing,terrible,False
18,4,3,6.360000133514404,6.71999979019165,5.092466354370117,5.105966091156006,exciting,exciting,True
18,5,14,6.619999885559082,3.940000057220459,6.285585880279541,5.001430511474609,cheerful,happy,False
18,6,9,6.550000190734863,6.03000020980835,5.3141374588012695,4.273508548736572,joy,lovely,False
18,7,11,6.239999771118164,6.599999904632568,6.7065300941467285,5.131124973297119,exciting,happy,False
18,8,39,4.059999942779541,4.579999923706055,4.36074161529541,3.899441957473755,melancholy,depressing,False
18,9,13,7.329999923706055,4.090000152587891,5.267668724060059,4.520675182342529,love,lovely,False
18,10,37,4.0,6.239999771118164,6.861584186553955,6.569701194763184,shock,exciting,False
18,11,5,6.130000114440918,7.71999979019165,5.340379238128662,4.582012176513672,exciting,lovely,False
18,12,33,4.559999942779541,4.150000095367432,5.7526535987854,6.208658218383789,depressing,exciting,False
18,13,12,5.550000190734863,4.630000114440918,4.9528303146362305,3.74210786819458,cheerful,mellow,False
18,14,7,7.329999923706055,6.940000057220459,5.265288352966309,4.832374095916748,exciting,cheerful,False
18,15,26,5.440000057220459,3.0799999237060547,4.84697151184082,4.547207355499268,mellow,sentimental,False
18,16,15,6.039999961853027,5.349999904632568,5.452620029449463,3.5590009689331055,fun,mellow,False
18,17,4,6.650000095367432,7.96999979019165,5.135646820068359,5.141851902008057,exciting,exciting,True
18,18,19,7.039999961853027,6.829999923706055,6.6923956871032715,5.585049152374268,exciting,fun,False
18,19,27,5.940000057220459,5.239999771118164,4.312891006469727,4.9913177490234375,happy,sad,False
18,20,31,4.440000057220459,6.050000190734863,5.550041198730469,5.941936016082764,shock,exciting,False
18,21,2,6.869999885559082,6.090000152587891,4.461132526397705,3.180708646774292,joy,sentimental,False
18,22,1,6.329999923706055,6.739999771118164,4.961731433868408,4.507229804992676,exciting,sentimental,False
18,23,17,7.739999771118164,5.769999980926514,6.083237171173096,6.279961109161377,fun,exciting,False
18,24,36,5.239999771118164,6.989999771118164,4.854820251464844,5.120692729949951,exciting,terrible,False
18,25,6,6.510000228881836,6.039999961853027,5.452693939208984,4.966768741607666,exciting,happy,False
18,26,24,3.2200000286102295,6.210000038146973,4.960360527038574,4.659684658050537,terrible,sentimental,False
18,27,18,7.050000190734863,3.0799999237060547,4.955487251281738,4.393844127655029,lovely,sentimental,False
18,28,22,5.690000057220459,3.9700000286102295,4.767890453338623,5.302934646606445,lovely,shock,False
18,29,29,4.900000095367432,4.21999979019165,4.825715065002441,4.522424221038818,sentimental,sentimental,True
18,30,21,3.9200000762939453,4.329999923706055,6.500603675842285,5.873282432556152,melancholy,joy,False
18,31,8,5.0,5.489999771118164,5.11713171005249,5.075526237487793,shock,joy,False
18,32,32,4.619999885559082,6.730000019073486,6.6024394035339355,6.46110725402832,shock,exciting,False
18,33,35,5.119999885559082,7.059999942779541,6.486098766326904,4.844466686248779,shock,love,False
18,34,28,5.949999809265137,4.380000114440918,4.329710483551025,4.172105312347412,cheerful,depressing,False
18,35,40,5.0,6.059999942779541,5.901981353759766,6.351025104522705,shock,exciting,False
18,36,34,4.150000095367432,3.259999990463257,5.076260566711426,4.162121295928955,depressing,mellow,False
18,37,30,2.9600000381469727,5.510000228881836,6.2709455490112305,5.410104751586914,hate,fun,False
18,38,38,4.510000228881836,4.039999961853027,5.01239013671875,3.3079445362091064,depressing,mellow,False
18,39,20,6.239999771118164,5.710000038146973,5.773538589477539,4.2913923263549805,joy,lovely,False
18,40,23,3.7100000381469727,4.309999942779541,6.431123733520508,4.74385404586792,melancholy,love,False
19,1,38,1.6200000047683716,7.579999923706055,4.479237079620361,6.631714820861816,terrible,shock,False
19,2,20,6.130000114440918,6.010000228881836,4.062849044799805,5.10851526260376,exciting,hate,False
19,3,16,3.240000009536743,1.9500000476837158,5.2730302810668945,5.3371148109436035,depressing,exciting,False
19,4,17,7.380000114440918,3.5399999618530273,5.125762462615967,5.6350860595703125,cheerful,exciting,False
19,5,22,5.039999961853027,4.869999885559082,4.66423225402832,5.138699531555176,mellow,terrible,False
19,6,3,6.820000171661377,7.039999961853027,4.008289813995361,4.94135856628418,exciting,sad,False
19,7,37,3.1500000953674316,5.53000020980835,5.522855281829834,5.232621669769287,hate,joy,False
19,8,11,5.829999923706055,5.630000114440918,4.392638206481934,4.914216041564941,exciting,sad,False
19,9,10,5.010000228881836,7.670000076293945,4.635042667388916,5.877231121063232,shock,shock,True
19,10,14,6.760000228881836,3.009999990463257,5.2687835693359375,4.958499908447266,lovely,love,False
19,11,36,3.7100000381469727,5.949999809265137,4.711585998535156,5.754434585571289,terrible,shock,False
19,12,6,7.730000019073486,6.900000095367432,5.068830490112305,4.983819961547852,exciting,love,False
19,13,23,3.7699999809265137,3.740000009536743,4.281829833984375,6.743921279907227,depressing,shock,False
19,14,21,2.190000057220459,3.2799999713897705,4.839388847351074,5.036794185638428,melancholy,hate,False
19,15,32,4.960000038146973,7.710000038146973,4.9824042320251465,5.6523871421813965,shock,shock,True
19,16,28,6.210000038146973,2.0799999237060547,5.455219268798828,6.064613342285156,mellow,exciting,False
19,17,29,2.819999933242798,5.440000057220459,4.840172290802002,5.486865043640137,hate,shock,False
19,18,5,7.789999961853027,8.619999885559082,5.362063884735107,4.1954569816589355,exciting,lovely,False
19,19,4,5.769999980926514,5.53000020980835,5.3700947761535645,5.919374465942383,exciting,exciting,True
19,20,34,4.170000076293945,6.53000020980835,4.521961212158203,5.914065361022949,shock,shock,True
19,21,30,2.8499999046325684,2.259999990463257,4.5958123207092285,4.843807697296143,depressing,melancholy,False
19,22,39,5.039999961853027,5.050000190734863,4.772530555725098,4.630089282989502,exciting,depressing,False
19,23,26,4.949999809265137,3.5299999713897705,4.524723529815674,5.745512008666992,mellow,shock,False
19,24,9,7.090000152587891,5.670000076293945,5.515445709228516,4.922781944274902,fun,love,False
19,25,35,3.2100000381469727,6.03000020980835,4.903972148895264,6.330047607421875,terrible,shock,False
19,26,31,5.03000020980835,5.880000114440918,6.183844566345215,5.350051403045654,shock,fun,False
19,27,1,7.440000057220459,6.449999809265137,4.7509236335754395,6.357551574707031,joy,shock,False
19,28,40,4.239999771118164,6.329999923706055,4.491206169128418,6.457240104675293,shock,shock,True
19,29,24,3.2300000190734863,4.010000228881836,4.758261203765869,6.356006145477295,melancholy,shock,False
19,30,25,2.190000057220459,3.809999942779541,5.994139194488525,5.205031394958496,melancholy,happy,False
19,31,18,7.769999980926514,6.349999904632568,4.929586410522461,6.625200271606445,joy,shock,False
19,32,13,7.53000020980835,6.489999771118164,5.232090473175049,4.879875183105469,joy,cheerful,False
19,33,15,5.679999828338623,2.7300000190734863,4.982905387878418,5.480987548828125,mellow,shock,False
19,34,2,6.460000038146973,6.809999942779541,4.88880729675293,6.061350345611572,exciting,shock,False
19,35,12,6.260000228881836,5.670000076293945,5.783118724822998,5.326011657714844,joy,fun,False
19,36,27,4.96999979019165,2.9700000286102295,4.291776180267334,6.745704650878906,mellow,shock,False
19,37,19,7.650000095367432,7.050000190734863,4.682318210601807,5.290870189666748,exciting,shock,False
19,38,7,6.639999866485596,6.590000152587891,4.901118755340576,6.626874923706055,exciting,shock,False
19,39,33,3.4000000953674316,7.130000114440918,4.4592790603637695,6.602012634277344,shock,shock,True
19,40,8,7.440000057220459,6.670000076293945,4.4675445556640625,5.318418502807617,exciting,terrible,False
20,1,15,6.349999904632568,5.260000228881836,5.371059894561768,4.639609336853027,happy,lovely,False
20,2,18,7.349999904632568,6.360000133514404,4.508091926574707,3.620473861694336,joy,sentimental,False
20,3,9,8.220000267028809,7.309999942779541,4.96571159362793,5.79074764251709,exciting,shock,False
20,4,1,5.760000228881836,4.78000020980835,4.599518775939941,4.341029167175293,love,depressing,False
20,5,10,5.130000114440918,6.809999942779541,5.29888391494751,5.454563617706299,shock,exciting,False
20,6,26,4.309999942779541,3.240000009536743,5.755178928375244,5.0203986167907715,sentimental,happy,False
20,7,16,5.03000020980835,3.0,5.501137733459473,4.984979629516602,mellow,happy,False
20,8,25,2.990000009536743,5.039999961853027,4.777904987335205,4.744255542755127,sad,depressing,False
20,9,36,4.289999961853027,7.489999771118164,5.193390369415283,3.348668098449707,shock,mellow,False
20,10,21,4.96999979019165,4.920000076293945,5.716492176055908,4.861069679260254,sentimental,love,False
20,11,39,4.670000076293945,6.130000114440918,5.4158477783203125,4.725832462310791,shock,cheerful,False
20,12,17,5.039999961853027,4.989999771118164,5.407973766326904,3.684581756591797,love,mellow,False
20,13,4,7.050000190734863,5.920000076293945,5.5134501457214355,4.754863739013672,joy,love,False
20,14,31,4.460000038146973,6.28000020980835,5.862252712249756,4.063462734222412,shock,lovely,False
20,15,20,6.650000095367432,5.309999942779541,5.801239013671875,5.441965103149414,happy,joy,False
20,16,5,8.819999694824219,8.0600004196167,5.656162738800049,4.884176254272461,exciting,love,False
20,17,28,5.010000228881836,3.259999990463257,4.936005592346191,5.311585426330566,mellow,shock,False
20,18,40,4.940000057220459,2.8299999237060547,4.916178226470947,5.408115863800049,mellow,shock,False
20,19,37,3.009999990463257,5.28000020980835,4.662222385406494,3.1497397422790527,hate,sentimental,False
20,20,33,4.639999866485596,6.010000228881836,5.670266151428223,6.653873920440674,shock,exciting,False
20,21,2,6.769999980926514,5.039999961853027,5.906020164489746,5.434645652770996,happy,joy,False
20,22,29,2.440000057220459,5.46999979019165,5.760580539703369,5.587818622589111,hate,exciting,False
20,23,19,7.590000152587891,5.619999885559082,4.938680648803711,5.004734992980957,happy,sad,False
20,24,24,3.0,5.010000228881836,5.645331382751465,6.0703301429748535,sad,exciting,False
20,25,32,6.28000020980835,5.710000038146973,5.759790420532227,5.582430362701416,joy,exciting,False
20,26,23,2.819999933242798,6.309999942779541,5.803922176361084,5.224395751953125,terrible,fun,False
20,27,13,7.909999847412109,5.039999961853027,4.1068243980407715,5.759842872619629,happy,terrible,False
20,28,22,4.059999942779541,5.360000133514404,4.540657997131348,3.5840091705322266,terrible,sentimental,False
20,29,35,4.349999904632568,7.449999809265137,5.661345958709717,5.802358627319336,shock,exciting,False
20,30,30,3.490000009536743,6.539999961853027,5.139863014221191,5.4328789710998535,shock,exciting,False
20,31,7,5.269999980926514,7.010000228881836,5.524510860443115,5.323718070983887,exciting,joy,False
20,32,38,3.380000114440918,5.940000057220459,4.645743370056152,4.765318393707275,terrible,depressing,False
20,33,3,7.179999828338623,4.230000019073486,5.236608505249023,4.9002685546875,love,love,True
20,34,34,4.739999771118164,7.079999923706055,4.595850944519043,4.928891658782959,shock,sad,False
20,35,6,7.619999885559082,5.739999771118164,5.65460205078125,4.89423942565918,fun,love,False
20,36,12,7.639999866485596,5.460000038146973,5.043883323669434,4.728176593780518,happy,mellow,False
20,37,8,7.630000114440918,5.920000076293945,4.6619133949279785,6.381669998168945,fun,shock,False
20,38,14,6.400000095367432,5.599999904632568,5.944859981536865,5.2789812088012695,fun,fun,True
20,39,11,8.180000305175781,6.409999847412109,5.316991806030273,4.663023471832275,joy,lovely,False
20,40,27,5.03000020980835,3.9100000858306885,4.27256441116333,5.704034805297852,mellow,shock,False
21,1,3,4.829999923706055,3.3499999046325684,6.566797733306885,7.450263023376465,sentimental,exciting,False
21,2,19,7.260000228881836,6.289999961853027,5.19793701171875,7.2945637702941895,joy,shock,False
21,3,1,6.420000076293945,4.210000038146973,5.064004421234131,7.796141624450684,cheerful,shock,False
21,4,36,6.880000114440918,7.210000038146973,4.62268590927124,6.084700584411621,exciting,shock,False
21,5,13,4.269999980926514,6.170000076293945,4.574451446533203,5.530270576477051,shock,shock,True
21,6,32,6.269999980926514,7.010000228881836,4.524240493774414,5.80861759185791,exciting,shock,False
21,7,39,6.090000152587891,6.769999980926514,4.919641494750977,6.949785232543945,exciting,shock,False
21,8,29,3.009999990463257,6.409999847412109,4.2504072189331055,5.659202575683594,terrible,shock,False
21,9,12,4.630000114440918,4.059999942779541,5.7370285987854,6.753268241882324,sentimental,exciting,False
21,10,17,5.53000020980835,4.010000228881836,3.5803208351135254,5.491720676422119,lovely,hate,False
21,11,22,2.0899999141693115,6.03000020980835,5.4787750244140625,6.580832481384277,hate,exciting,False
21,12,35,4.920000076293945,2.9100000858306885,4.989274978637695,6.22755241394043,mellow,shock,False
21,13,33,7.03000020980835,7.039999961853027,5.088227272033691,6.857335090637207,exciting,shock,False
21,14,2,7.050000190734863,6.039999961853027,5.37183952331543,6.7237982749938965,joy,exciting,False
21,15,15,6.920000076293945,5.989999771118164,5.469937324523926,6.165537357330322,joy,exciting,False
21,16,21,4.079999923706055,2.9100000858306885,4.3489670753479,7.844483375549316,sentimental,shock,False
21,17,14,8.100000381469727,7.099999904632568,7.070037364959717,6.165635585784912,joy,joy,True
21,18,23,4.690000057220459,6.039999961853027,4.596368312835693,4.661457538604736,shock,depressing,False
21,19,38,3.0299999713897705,6.0,5.632648468017578,7.748380661010742,terrible,exciting,False
21,20,7,7.050000190734863,6.579999923706055,6.2369384765625,4.0546064376831055,exciting,cheerful,False
21,21,16,5.989999771118164,7.099999904632568,4.848677635192871,6.489012718200684,exciting,shock,False
21,22,8,8.8100004196167,7.099999904632568,5.423053741455078,5.721132278442383,joy,exciting,False
21,23,6,7.920000076293945,7.050000190734863,5.98396110534668,6.288398742675781,exciting,exciting,True
21,24,34,4.059999942779541,2.9100000858306885,5.341046333312988,5.953138828277588,sentimental,exciting,False
21,25,10,7.050000190734863,6.880000114440918,4.7662248611450195,4.771427154541016,exciting,depressing,False
21,26,40,3.990000009536743,5.769999980926514,5.771883010864258,6.2216010093688965,terrible,exciting,False
21,27,4,5.050000190734863,6.010000228881836,4.503577709197998,5.197218418121338,shock,terrible,False
21,28,30,3.450000047683716,6.559999942779541,5.846851825714111,4.003505229949951,shock,lovely,False
21,29,27,4.010000228881836,6.079999923706055,5.941483497619629,6.156598091125488,shock,exciting,False
21,30,24,2.990000009536743,6.010000228881836,5.648880481719971,5.226327896118164,terrible,fun,False
21,31,5,8.09000015258789,7.150000095367432,4.7440056800842285,3.6262481212615967,exciting,sentimental,False
21,32,37,3.0399999618530273,6.079999923706055,5.479636192321777,5.527972221374512,terrible,exciting,False
21,33,9,8.5600004196167,7.0,5.054932594299316,6.343222618103027,joy,shock,False
21,34,18,7.989999771118164,8.229999542236328,4.54545259475708,6.036627769470215,exciting,shock,False
21,35,31,5.039999961853027,5.010000228881836,6.116969108581543,4.144623756408691,happy,cheerful,False
21,36,28,3.0399999618530273,5.960000038146973,5.430276870727539,5.7460222244262695,terrible,exciting,False
21,37,26,4.059999942779541,3.990000009536743,4.35240364074707,5.252388954162598,depressing,terrible,False
21,38,20,2.3299999237060547,6.050000190734863,6.299312591552734,4.873771667480469,terrible,love,False
21,39,11,7.050000190734863,6.559999942779541,4.881985187530518,6.919470310211182,exciting,shock,False
21,40,25,3.9700000286102295,7.03000020980835,5.285587787628174,5.828267574310303,shock,exciting,False
22,1,7,6.03000020980835,4.989999771118164,5.526945114135742,5.16495943069458,happy,fun,False
22,2,21,2.9700000286102295,4.949999809265137,3.6249301433563232,3.6397387981414795,sad,depressing,False
22,3,11,8.050000190734863,6.059999942779541,5.171514511108398,4.503633499145508,fun,mellow,False
22,4,6,4.96999979019165,3.0,3.65212082862854,3.654667377471924,mellow,depressing,False
22,5,32,1.9900000095367432,7.010000228881836,5.777187824249268,5.239050388336182,terrible,fun,False
22,6,16,6.059999942779541,4.050000190734863,5.083537578582764,4.265411376953125,lovely,mellow,False
22,7,31,2.009999990463257,1.9600000381469727,5.168625354766846,4.499536037445068,depressing,mellow,False
22,8,30,1.0,7.03000020980835,5.332853317260742,4.836695194244385,terrible,love,False
22,9,12,4.989999771118164,1.0,5.704430103302002,4.858823776245117,mellow,love,False
22,10,15,5.0,1.0,6.291511535644531,5.301982879638672,mellow,happy,False
22,11,28,4.03000020980835,2.009999990463257,4.709325313568115,4.594304084777832,sentimental,depressing,False
22,12,38,1.0,7.050000190734863,4.753806114196777,5.153608798980713,terrible,terrible,True
22,13,22,4.050000190734863,4.059999942779541,4.607294082641602,5.096469402313232,depressing,hate,False
22,14,37,1.0,6.050000190734863,4.1273512840271,3.7459843158721924,hate,depressing,False
22,15,13,7.010000228881836,4.96999979019165,5.26896333694458,4.426290035247803,happy,lovely,False
22,16,1,5.050000190734863,1.9900000095367432,5.080706596374512,4.72429084777832,mellow,mellow,True
22,17,14,8.050000190734863,6.010000228881836,4.756839275360107,4.0839948654174805,fun,sentimental,False
22,18,34,5.039999961853027,7.050000190734863,4.230316162109375,4.221460342407227,shock,depressing,False
22,19,4,7.059999942779541,5.960000038146973,4.351805210113525,4.458652019500732,joy,depressing,False
22,20,8,7.090000152587891,5.0,4.051044464111328,3.6459879875183105,happy,depressing,False
22,21,36,1.9600000381469727,7.059999942779541,5.271662712097168,5.034032821655273,terrible,happy,False
22,22,39,1.0,7.010000228881836,4.990865230560303,5.322422981262207,terrible,shock,False
22,23,19,9.0,6.139999866485596,4.753326892852783,4.078327178955078,fun,sentimental,False
22,24,27,7.059999942779541,5.989999771118164,4.5752387046813965,4.11147403717041,joy,depressing,False
22,25,26,5.0,3.0,5.059173583984375,4.260573863983154,mellow,mellow,True
22,26,24,1.9600000381469727,7.050000190734863,5.274896621704102,4.431575298309326,terrible,lovely,False
22,27,3,7.050000190734863,6.03000020980835,3.908795118331909,4.032899379730225,joy,depressing,False
22,28,9,9.0,8.050000190734863,4.976137638092041,5.179875373840332,exciting,shock,False
22,29,17,5.039999961853027,4.039999961853027,3.7756237983703613,3.0913867950439453,mellow,depressing,False
22,30,20,7.079999923706055,5.03000020980835,5.080671787261963,4.097866058349609,happy,mellow,False
22,31,5,7.099999904632568,7.079999923706055,5.685500144958496,4.845705032348633,exciting,love,False
22,32,18,8.079999923706055,6.079999923706055,6.399838447570801,5.443142890930176,fun,fun,True
22,33,40,2.9700000286102295,1.9600000381469727,5.130495548248291,5.17706823348999,depressing,exciting,False
22,34,23,2.990000009536743,5.03000020980835,4.374732971191406,4.570761203765869,sad,depressing,False
22,35,29,2.0,6.050000190734863,4.0690813064575195,4.332427978515625,hate,depressing,False
22,36,10,4.0,6.059999942779541,4.8779296875,4.94614839553833,shock,melancholy,False
22,37,33,1.9600000381469727,7.059999942779541,5.704580307006836,4.859382629394531,terrible,love,False
22,38,2,7.079999923706055,7.050000190734863,5.281975746154785,4.430115699768066,exciting,lovely,False
22,39,25,2.950000047683716,4.900000095367432,5.86040735244751,5.369841575622559,sad,fun,False
22,40,35,1.9900000095367432,7.079999923706055,5.069932460784912,4.266584873199463,terrible,mellow,False
23,1,6,5.090000152587891,4.96999979019165,5.501913070678711,5.739381313323975,love,exciting,False
23,2,22,2.9700000286102295,1.0,5.609903812408447,5.355945587158203,depressing,joy,False
23,3,9,7.03000020980835,5.0,5.743514060974121,5.896227836608887,happy,exciting,False
23,4,5,6.940000057220459,7.010000228881836,5.757388114929199,5.89293098449707,exciting,exciting,True
23,5,18,7.119999885559082,4.949999809265137,6.898000240325928,5.4354047775268555,happy,happy,True
23,6,35,5.179999828338623,1.0,5.328803062438965,5.4567341804504395,mellow,exciting,False
23,7,25,4.96999979019165,1.0,6.310439109802246,5.57208776473999,mellow,joy,False
23,8,20,3.9600000381469727,1.0,6.277991771697998,5.297245025634766,sentimental,happy,False
23,9,10,5.010000228881836,2.990000009536743,5.433262825012207,5.732197284698486,mellow,exciting,False
23,10,31,4.860000133514404,1.0,6.880402088165283,5.420583724975586,mellow,happy,False
23,11,33,5.039999961853027,1.0,5.7751874923706055,5.885687351226807,mellow,exciting,False
23,12,14,8.010000228881836,7.010000228881836,5.092581748962402,5.068210601806641,joy,exciting,False
23,13,28,5.039999961853027,1.0,5.080465316772461,6.32875919342041,mellow,shock,False
23,14,40,4.880000114440918,1.0,5.481666564941406,5.32363224029541,mellow,joy,False
23,15,39,5.0,1.0,6.45386266708374,5.033535003662109,mellow,happy,False
23,16,38,4.96999979019165,1.0,5.630725860595703,5.3351898193359375,mellow,joy,False
23,17,21,1.909999966621399,1.0,5.484932899475098,5.3423261642456055,depressing,exciting,False
23,18,29,3.7200000286102295,1.059999942779541,6.9580817222595215,5.541719436645508,sentimental,fun,False
23,19,17,2.859999895095825,1.0,6.166244029998779,5.712248802185059,depressing,joy,False
23,20,3,7.090000152587891,4.139999866485596,6.048753261566162,5.454748153686523,love,joy,False
23,21,27,5.059999942779541,1.0499999523162842,4.8950395584106445,5.024849891662598,mellow,hate,False
23,22,36,4.920000076293945,1.0,6.461934566497803,4.752965927124023,mellow,love,False
23,23,23,4.170000076293945,1.9700000286102295,6.598948955535889,4.76671838760376,sentimental,love,False
23,24,13,8.010000228881836,5.059999942779541,6.8531575202941895,5.716402053833008,happy,fun,False
23,25,26,8.270000457763672,5.0,5.500899791717529,5.709161281585693,happy,exciting,False
23,26,12,7.0,1.909999966621399,6.507650852203369,6.697384357452393,lovely,exciting,False
23,27,30,3.880000114440918,1.190000057220459,6.361601829528809,4.312546253204346,sentimental,love,False
23,28,15,7.0,1.9600000381469727,6.592701435089111,5.532039165496826,lovely,fun,False
23,29,32,7.96999979019165,7.039999961853027,5.6097259521484375,5.342110633850098,exciting,joy,False
23,30,4,8.210000038146973,6.96999979019165,5.082993507385254,5.508308410644531,joy,exciting,False
23,31,19,8.149999618530273,5.010000228881836,6.0445451736450195,5.4576287269592285,happy,joy,False
23,32,11,7.0,5.0,6.862339019775391,5.727380275726318,happy,fun,False
23,33,1,7.710000038146973,6.559999942779541,7.000101089477539,5.594379901885986,joy,fun,False
23,34,7,8.9399995803833,7.809999942779541,6.030741214752197,5.44644021987915,exciting,fun,False
23,35,2,9.0,9.0,6.295731544494629,5.460614204406738,exciting,fun,False
23,36,37,4.309999942779541,1.0,6.184853553771973,4.326566219329834,sentimental,cheerful,False
23,37,24,6.53000020980835,2.0299999713897705,6.046095848083496,5.463592052459717,lovely,joy,False
23,38,8,7.230000019073486,4.949999809265137,4.914940357208252,5.033997058868408,happy,terrible,False
23,39,16,5.150000095367432,1.909999966621399,6.756531715393066,5.160765171051025,mellow,happy,False
23,40,34,6.71999979019165,6.349999904632568,6.979936122894287,5.568461894989014,exciting,fun,False
24,1,19,7.03000020980835,5.050000190734863,5.618839740753174,6.040143013000488,happy,exciting,False
24,2,17,4.079999923706055,5.989999771118164,4.995522975921631,5.311122894287109,shock,shock,True
24,3,23,1.0,8.0600004196167,5.893792629241943,6.322276592254639,terrible,exciting,False
24,4,20,4.03000020980835,6.079999923706055,5.0851616859436035,5.423101902008057,shock,exciting,False
24,5,22,3.0299999713897705,6.059999942779541,4.98435115814209,4.844621181488037,terrible,sentimental,False
24,6,27,6.079999923706055,5.03000020980835,4.563631057739258,4.967988014221191,happy,sad,False
24,7,18,8.960000038146973,7.0,5.140230178833008,5.563624382019043,joy,exciting,False
24,8,30,1.0,8.029999732971191,5.410728454589844,5.8535261154174805,terrible,exciting,False
24,9,6,5.960000038146973,5.989999771118164,5.145815849304199,5.375011444091797,exciting,exciting,True
24,10,26,4.050000190734863,6.989999771118164,4.735891819000244,4.696377754211426,shock,depressing,False
24,11,21,1.9600000381469727,8.050000190734863,5.299323558807373,5.981273174285889,shock,exciting,False
24,12,2,6.039999961853027,6.090000152587891,5.717441558837891,6.156307220458984,exciting,exciting,True
24,13,31,2.940000057220459,7.96999979019165,5.587933540344238,6.1397271156311035,shock,exciting,False
24,14,16,4.0,4.059999942779541,5.683821201324463,6.271405220031738,depressing,exciting,False
24,15,5,7.059999942779541,5.960000038146973,5.583766937255859,5.898374080657959,joy,exciting,False
24,16,3,8.960000038146973,7.119999885559082,5.609158039093018,6.026156902313232,joy,exciting,False
24,17,9,7.079999923706055,5.010000228881836,5.15814208984375,4.744376182556152,happy,lovely,False
24,18,28,4.03000020980835,6.050000190734863,4.75485372543335,4.815178871154785,shock,depressing,False
24,19,7,3.0399999618530273,5.940000057220459,5.0291290283203125,4.858777046203613,terrible,mellow,False
24,20,29,3.9700000286102295,6.039999961853027,5.054673671722412,4.585468292236328,shock,mellow,False
24,21,10,5.010000228881836,5.039999961853027,4.875471115112305,5.0951337814331055,exciting,terrible,False
24,22,4,6.050000190734863,7.050000190734863,4.0911335945129395,4.069460868835449,exciting,depressing,False
24,23,32,3.0,8.010000228881836,5.065992832183838,5.193774223327637,shock,exciting,False
24,24,1,7.059999942779541,6.090000152587891,5.01645040512085,5.359961986541748,joy,shock,False
24,25,33,5.010000228881836,3.0299999713897705,5.583232879638672,5.406865119934082,mellow,exciting,False
24,26,36,4.0,4.960000038146973,4.403723239898682,4.6638054847717285,sad,melancholy,False
24,27,37,4.0,6.0,5.034264087677002,4.864013671875,shock,mellow,False
24,28,24,2.990000009536743,6.059999942779541,5.724143028259277,6.035956859588623,terrible,exciting,False
24,29,12,7.039999961853027,3.059999942779541,4.280841827392578,4.7654194831848145,lovely,melancholy,False
24,30,38,2.0299999713897705,7.079999923706055,4.834545135498047,5.1531982421875,terrible,shock,False
24,31,15,6.0,2.0,5.004348278045654,5.350345611572266,mellow,shock,False
24,32,25,3.119999885559082,6.989999771118164,5.049996376037598,5.387896537780762,shock,exciting,False
24,33,39,2.119999885559082,7.949999809265137,5.482998847961426,5.734767913818359,shock,exciting,False
24,34,8,7.03000020980835,4.989999771118164,5.868009090423584,5.840485572814941,happy,exciting,False
24,35,40,5.0,2.9700000286102295,5.301733016967773,5.727941513061523,mellow,exciting,False
24,36,34,4.050000190734863,5.010000228881836,5.40243673324585,5.749983787536621,sad,exciting,False
24,37,11,7.03000020980835,5.059999942779541,4.730779647827148,5.199842929840088,happy,terrible,False
24,38,35,4.050000190734863,6.03000020980835,5.611743450164795,6.036562919616699,shock,exciting,False
24,39,13,8.0,6.059999942779541,5.126010894775391,5.117342948913574,fun,exciting,False
24,40,14,8.050000190734863,6.039999961853027,5.420247554779053,5.8575849533081055,fun,exciting,False
25,1,24,3.049999952316284,2.0,4.3082733154296875,5.192025184631348,depressing,hate,False
25,2,28,5.010000228881836,1.0299999713897705,4.133533477783203,4.633280277252197,mellow,melancholy,False
25,3,30,4.03000020980835,4.139999866485596,3.7189230918884277,5.748517990112305,depressing,terrible,False
25,4,38,1.0,7.050000190734863,4.71783971786499,4.891040802001953,terrible,melancholy,False
25,5,9,8.09000015258789,7.989999771118164,4.559211730957031,4.398824691772461,exciting,depressing,False
25,6,17,5.039999961853027,5.039999961853027,5.014023780822754,5.304503917694092,exciting,shock,False
25,7,6,5.0,6.059999942779541,4.5886359214782715,5.185603141784668,shock,terrible,False
25,8,23,2.009999990463257,7.03000020980835,4.016205787658691,5.335578441619873,terrible,hate,False
25,9,4,5.0,2.009999990463257,4.938055992126465,2.6829946041107178,mellow,mellow,True
25,10,37,1.0,7.079999923706055,4.4311089515686035,4.907937049865723,terrible,sad,False
25,11,20,7.079999923706055,7.090000152587891,4.428764343261719,4.91597843170166,exciting,sad,False
25,12,5,5.039999961853027,1.940000057220459,4.009075164794922,5.6373677253723145,mellow,terrible,False
25,13,22,8.029999732971191,7.059999942779541,3.71441650390625,4.465991973876953,exciting,melancholy,False
25,14,34,4.949999809265137,3.049999952316284,3.4344468116760254,5.599687099456787,mellow,terrible,False
25,15,18,3.0399999618530273,6.039999961853027,4.282264709472656,5.494724750518799,terrible,terrible,True
25,16,32,1.0,6.039999961853027,3.7245476245880127,5.986730575561523,hate,terrible,False
25,17,8,8.039999961853027,8.0600004196167,5.716135501861572,3.4688096046447754,exciting,lovely,False
25,18,25,4.960000038146973,5.059999942779541,3.9883813858032227,5.800203323364258,shock,terrible,False
25,19,7,6.079999923706055,8.050000190734863,4.767180442810059,5.316200256347656,exciting,shock,False
25,20,2,2.990000009536743,6.059999942779541,4.005864143371582,5.175945281982422,terrible,hate,False
25,21,33,1.940000057220459,6.059999942779541,3.772036075592041,5.717864036560059,hate,terrible,False
25,22,1,8.0600004196167,8.079999923706055,3.163719415664673,5.312443256378174,exciting,hate,False
25,23,39,1.0,6.059999942779541,4.13629674911499,5.790826320648193,hate,shock,False
25,24,36,3.0,7.099999904632568,3.427119731903076,4.352876663208008,shock,melancholy,False
25,25,14,8.09000015258789,7.039999961853027,4.422913551330566,5.22687292098999,joy,terrible,False
25,26,12,8.039999961853027,8.079999923706055,3.8568851947784424,5.332775115966797,exciting,hate,False
25,27,21,6.03000020980835,5.0,4.586478233337402,5.178607940673828,happy,terrible,False
25,28,40,1.0,4.96999979019165,5.400246620178223,4.554388046264648,sad,lovely,False
25,29,19,7.059999942779541,6.079999923706055,3.435072660446167,5.593160152435303,joy,terrible,False
25,30,15,7.010000228881836,5.079999923706055,5.333428382873535,3.779438018798828,happy,mellow,False
25,31,27,5.03000020980835,2.9700000286102295,3.2907562255859375,5.856905937194824,mellow,terrible,False
25,32,35,3.0299999713897705,6.0,3.730161190032959,5.162615776062012,terrible,hate,False
25,33,31,1.0099999904632568,7.119999885559082,4.1279988288879395,5.05217170715332,terrible,sad,False
25,34,29,1.0,5.989999771118164,4.313360214233398,5.1866912841796875,hate,hate,True
25,35,3,7.119999885559082,7.090000152587891,3.7446224689483643,5.158868312835693,exciting,hate,False
25,36,13,7.96999979019165,6.039999961853027,5.823284149169922,4.558529853820801,fun,cheerful,False
25,37,26,4.989999771118164,1.059999942779541,4.317708969116211,5.190428256988525,mellow,hate,False
25,38,11,9.0,9.0,4.895627498626709,3.6803393363952637,exciting,sentimental,False
25,39,10,1.0,6.119999885559082,3.56868577003479,5.337049961090088,hate,hate,True
25,40,16,6.050000190734863,3.009999990463257,4.778069496154785,4.497542858123779,lovely,sentimental,False
26,1,40,3.059999942779541,1.0,5.953773498535156,6.391199111938477,depressing,exciting,False
26,2,11,8.039999961853027,6.880000114440918,6.152856826782227,6.254866123199463,joy,exciting,False
26,3,10,3.0799999237060547,2.9100000858306885,6.289834976196289,4.587276458740234,depressing,love,False
26,4,27,6.0,4.03000020980835,5.542760848999023,5.036797523498535,lovely,happy,False
26,5,9,8.050000190734863,7.170000076293945,6.070563793182373,6.527475833892822,exciting,exciting,True
26,6,32,1.9600000381469727,1.9600000381469727,6.028584957122803,6.339982509613037,depressing,exciting,False
26,7,36,2.9200000762939453,1.9199999570846558,6.075898170471191,6.529780387878418,depressing,exciting,False
26,8,5,4.0,3.009999990463257,5.888703346252441,6.706847190856934,depressing,exciting,False
26,9,29,6.090000152587891,4.900000095367432,6.0710577964782715,6.530778884887695,love,exciting,False
26,10,17,5.039999961853027,5.03000020980835,6.342787265777588,5.996565818786621,exciting,exciting,True
26,11,7,6.079999923706055,7.099999904632568,6.144670486450195,6.131696701049805,exciting,exciting,True
26,12,22,6.96999979019165,4.989999771118164,6.097512245178223,5.86643123626709,happy,exciting,False
26,13,12,7.039999961853027,5.039999961853027,6.328033447265625,6.242986679077148,happy,exciting,False
26,14,31,1.9700000286102295,1.940000057220459,6.133999347686768,6.552288055419922,depressing,exciting,False
26,15,23,2.2799999713897705,2.880000114440918,5.295831203460693,4.757348537445068,depressing,cheerful,False
26,16,37,1.0,1.0,5.949387073516846,6.389317989349365,depressing,exciting,False
26,17,28,5.96999979019165,5.039999961853027,6.613336563110352,6.358476638793945,happy,exciting,False
26,18,25,7.139999866485596,3.950000047683716,5.716722011566162,5.039337635040283,love,happy,False
26,19,30,4.949999809265137,2.009999990463257,5.826503753662109,5.459522247314453,mellow,joy,False
26,20,16,6.190000057220459,3.0,6.093093395233154,6.682662487030029,lovely,exciting,False
26,21,8,8.010000228881836,8.170000076293945,5.454667568206787,4.604759216308594,exciting,lovely,False
26,22,33,1.0,1.0,5.8916168212890625,6.706482410430908,depressing,exciting,False
26,23,24,9.0,4.960000038146973,6.324347972869873,6.244394779205322,happy,exciting,False
26,24,35,2.9700000286102295,1.0,5.682070255279541,4.89395809173584,depressing,love,False
26,25,6,8.09000015258789,7.039999961853027,6.069835662841797,6.525137901306152,joy,exciting,False
26,26,21,6.059999942779541,2.940000057220459,5.98769474029541,5.288665294647217,lovely,fun,False
26,27,26,5.050000190734863,4.039999961853027,5.8614091873168945,6.769845962524414,mellow,exciting,False
26,28,39,1.9500000476837158,1.9700000286102295,6.073179244995117,6.5277605056762695,depressing,exciting,False
26,29,15,7.010000228881836,5.039999961853027,5.904109001159668,6.001840114593506,happy,exciting,False
26,30,18,9.0,2.990000009536743,6.251079082489014,5.5987677574157715,love,joy,False
26,31,34,1.0,5.010000228881836,6.639529228210449,5.978451251983643,sad,joy,False
26,32,14,9.0,8.050000190734863,6.612740516662598,6.354130744934082,exciting,exciting,True
26,33,13,7.119999885559082,2.940000057220459,6.070738315582275,6.53149938583374,lovely,exciting,False
26,34,3,9.0,8.079999923706055,6.578188896179199,6.178703784942627,exciting,exciting,True
26,35,20,8.079999923706055,6.96999979019165,6.733510971069336,6.087007522583008,joy,joy,True
26,36,38,1.149999976158142,1.059999942779541,6.063356399536133,5.676071643829346,depressing,joy,False
26,37,19,8.0,7.059999942779541,6.071774482727051,6.526001930236816,exciting,exciting,True
26,38,2,6.960000038146973,7.130000114440918,5.691137313842773,5.14997673034668,exciting,happy,False
26,39,1,7.96999979019165,7.900000095367432,6.235783100128174,6.682294845581055,exciting,exciting,True
26,40,4,8.029999732971191,8.050000190734863,5.72070837020874,6.139688014984131,exciting,exciting,True
27,1,11,9.0,5.039999961853027,6.335269927978516,5.480745315551758,happy,fun,False
27,2,33,5.039999961853027,3.0399999618530273,5.486215591430664,6.278797149658203,mellow,exciting,False
27,3,38,1.0,4.909999847412109,5.3598222732543945,6.2256083488464355,sad,exciting,False
27,4,22,7.289999961853027,5.039999961853027,6.797486305236816,6.508635520935059,happy,exciting,False
27,5,7,4.940000057220459,5.039999961853027,6.806151390075684,6.261857032775879,terrible,exciting,False
27,6,6,7.0,5.039999961853027,5.612132549285889,5.420560359954834,happy,exciting,False
27,7,14,8.0600004196167,7.03000020980835,5.832879066467285,5.654792785644531,joy,exciting,False
27,8,32,5.039999961853027,5.03000020980835,6.131791114807129,6.421690464019775,exciting,exciting,True
27,9,17,9.0,7.079999923706055,4.687730312347412,5.68115758895874,joy,shock,False
27,10,10,6.010000228881836,5.039999961853027,6.139109134674072,4.577868938446045,happy,love,False
27,11,8,8.239999771118164,8.170000076293945,6.130890369415283,6.931662082672119,exciting,exciting,True
27,12,4,7.050000190734863,7.010000228881836,6.291788578033447,5.076555252075195,exciting,happy,False
27,13,16,8.0600004196167,6.059999942779541,6.035918235778809,6.06173038482666,fun,exciting,False
27,14,5,4.96999979019165,1.0,5.8169050216674805,4.970823764801025,mellow,happy,False
27,15,37,2.990000009536743,5.03000020980835,6.168254852294922,6.924197196960449,sad,exciting,False
27,16,13,7.010000228881836,7.139999866485596,5.646841526031494,5.497288703918457,exciting,exciting,True
27,17,28,5.039999961853027,2.009999990463257,5.719446659088135,5.433344841003418,mellow,joy,False
27,18,23,8.0,6.039999961853027,5.837148666381836,6.411160469055176,fun,exciting,False
27,19,31,5.079999923706055,6.039999961853027,5.487586975097656,6.274648666381836,shock,exciting,False
27,20,26,5.039999961853027,2.059999942779541,6.035280704498291,6.753798961639404,mellow,exciting,False
27,21,36,6.130000114440918,7.210000038146973,5.404372692108154,6.239477157592773,exciting,exciting,True
27,22,3,9.0,8.039999961853027,5.27191162109375,5.147470474243164,exciting,joy,False
27,23,21,9.0,8.140000343322754,6.400550842285156,5.464623928070068,exciting,fun,False
27,24,35,1.0,1.0,5.95268440246582,6.510605812072754,depressing,exciting,False
27,25,40,5.039999961853027,3.059999942779541,5.5575666427612305,2.8514108657836914,mellow,mellow,True
27,26,2,7.0,7.03000020980835,4.436757564544678,5.0397844314575195,exciting,sad,False
27,27,9,8.989999771118164,9.0,6.178915500640869,6.933494567871094,exciting,exciting,True
27,28,20,6.96999979019165,5.039999961853027,5.651388168334961,4.572272777557373,happy,cheerful,False
27,29,34,2.8499999046325684,1.0,5.715596675872803,6.683012008666992,depressing,exciting,False
27,30,19,5.059999942779541,2.0,5.653405666351318,5.738358497619629,mellow,exciting,False
27,31,39,2.140000104904175,1.0099999904632568,4.86936616897583,3.7816481590270996,depressing,sentimental,False
27,32,15,5.039999961853027,3.059999942779541,4.8696370124816895,4.765908718109131,mellow,depressing,False
27,33,27,4.96999979019165,1.0,6.077880859375,5.384406566619873,mellow,fun,False
27,34,1,6.03000020980835,5.039999961853027,5.684114456176758,5.75520133972168,happy,exciting,False
27,35,12,4.179999828338623,5.039999961853027,6.143678665161133,6.913212776184082,sad,exciting,False
27,36,25,4.0,1.0,5.35073184967041,6.021432876586914,sentimental,exciting,False
27,37,30,7.079999923706055,7.039999961853027,5.978195667266846,5.561187267303467,exciting,joy,False
27,38,18,9.0,8.989999771118164,4.609541416168213,4.566448211669922,exciting,depressing,False
27,39,29,7.179999828338623,5.039999961853027,4.725878715515137,5.926782608032227,happy,shock,False
27,40,24,8.899999618530273,7.96999979019165,6.173847198486328,6.8828253746032715,exciting,exciting,True
28,1,12,6.059999942779541,2.049999952316284,6.295140266418457,5.740516662597656,mellow,joy,False
28,2,34,5.989999771118164,7.059999942779541,5.807834625244141,3.953314781188965,exciting,lovely,False
28,3,2,7.989999771118164,8.100000381469727,4.994945049285889,4.605530261993408,exciting,mellow,False
28,4,7,8.09000015258789,9.0,5.526087284088135,5.149239540100098,exciting,fun,False
28,5,21,2.009999990463257,1.9500000476837158,5.6108880043029785,4.447625160217285,depressing,lovely,False
28,6,22,5.03000020980835,1.0,5.484686851501465,4.043737888336182,mellow,lovely,False
28,7,32,3.049999952316284,7.050000190734863,4.364326000213623,5.825829982757568,shock,shock,True
28,8,33,7.010000228881836,7.920000076293945,5.746904373168945,4.314235210418701,exciting,lovely,False
28,9,15,5.039999961853027,1.0,5.446638584136963,4.302743911743164,mellow,lovely,False
28,10,17,6.989999771118164,3.0899999141693115,5.1582417488098145,5.094252109527588,lovely,joy,False
28,11,30,1.9900000095367432,2.0,5.039647102355957,4.54953670501709,depressing,mellow,False
28,12,35,1.0800000429153442,6.050000190734863,4.976180076599121,5.084054946899414,hate,shock,False
28,13,3,9.0,7.039999961853027,5.5210981369018555,5.152895450592041,joy,fun,False
28,14,24,4.039999961853027,3.009999990463257,5.625609874725342,3.96771240234375,depressing,lovely,False
28,15,1,7.03000020980835,7.090000152587891,4.9976301193237305,4.60249137878418,exciting,mellow,False
28,16,18,8.079999923706055,2.9700000286102295,5.564659595489502,4.18533992767334,cheerful,lovely,False
28,17,38,1.9600000381469727,7.960000038146973,5.6524152755737305,4.362486362457275,shock,lovely,False
28,18,11,7.010000228881836,4.03000020980835,5.462619781494141,4.953559398651123,love,love,True
28,19,6,8.149999618530273,8.100000381469727,5.714069843292236,4.6470866203308105,exciting,love,False
28,20,9,5.039999961853027,5.0,5.470325946807861,5.127588748931885,happy,fun,False
28,21,37,1.0099999904632568,5.0,6.139948844909668,4.261361598968506,sad,cheerful,False
28,22,16,6.909999847412109,2.009999990463257,5.879026889801025,4.544128894805908,lovely,cheerful,False
28,23,4,8.079999923706055,7.090000152587891,4.984617233276367,5.084335803985596,exciting,shock,False
28,24,26,1.9900000095367432,1.0,5.167324542999268,5.087393283843994,depressing,joy,False
28,25,25,4.059999942779541,3.049999952316284,5.796214580535889,4.462667465209961,depressing,cheerful,False
28,26,14,8.029999732971191,3.0399999618530273,4.984116554260254,5.088594436645508,cheerful,shock,False
28,27,23,2.0299999713897705,3.0399999618530273,5.1685380935668945,5.078798770904541,depressing,joy,False
28,28,8,7.010000228881836,2.0899999141693115,5.552582263946533,4.500866413116455,lovely,lovely,True
28,29,10,7.989999771118164,7.130000114440918,5.1784820556640625,5.080438137054443,exciting,joy,False
28,30,27,6.079999923706055,6.010000228881836,5.665775299072266,4.7169294357299805,exciting,love,False
28,31,20,8.039999961853027,6.989999771118164,5.717055320739746,4.655351638793945,joy,love,False
28,32,13,2.0899999141693115,1.0099999904632568,5.671138763427734,4.663340091705322,depressing,love,False
28,33,31,6.909999847412109,7.039999961853027,5.3000874519348145,3.9117207527160645,exciting,mellow,False
28,34,39,1.0399999618530273,3.059999942779541,5.143980026245117,5.000592231750488,melancholy,happy,False
28,35,40,7.099999904632568,7.039999961853027,5.99446439743042,5.008584022521973,exciting,happy,False
28,36,5,7.039999961853027,8.029999732971191,5.170936584472656,5.088718891143799,exciting,joy,False
28,37,29,2.059999942779541,1.9700000286102295,5.997032642364502,5.013146877288818,depressing,happy,False
28,38,19,7.03000020980835,7.079999923706055,5.170575141906738,5.078389644622803,exciting,joy,False
28,39,28,2.9000000953674316,1.850000023841858,5.178016662597656,5.082973957061768,depressing,joy,False
28,40,36,3.0799999237060547,2.9600000381469727,5.187943458557129,4.111742973327637,depressing,mellow,False
29,1,6,8.029999732971191,6.079999923706055,5.431180477142334,4.804522514343262,fun,love,False
29,2,25,3.0299999713897705,3.9700000286102295,6.216476917266846,5.992286682128906,melancholy,exciting,False
29,3,8,7.039999961853027,5.0,5.820272445678711,4.866042613983154,happy,love,False
29,4,5,6.050000190734863,8.050000190734863,5.208723068237305,4.879409313201904,exciting,cheerful,False
29,5,18,7.010000228881836,5.039999961853027,5.898416996002197,4.666253566741943,happy,love,False
29,6,37,5.010000228881836,5.0,5.2663726806640625,4.2654194831848145,happy,mellow,False
29,7,3,9.0,7.079999923706055,5.500711441040039,4.5206403732299805,joy,lovely,False
29,8,12,6.039999961853027,4.050000190734863,5.609195232391357,4.658940315246582,lovely,cheerful,False
29,9,39,6.050000190734863,8.079999923706055,5.134463310241699,4.262126922607422,exciting,mellow,False
29,10,19,7.050000190734863,6.059999942779541,5.512147903442383,4.516621112823486,joy,lovely,False
29,11,11,8.029999732971191,7.010000228881836,5.770172595977783,5.064812183380127,joy,happy,False
29,12,32,4.039999961853027,9.0,5.024924278259277,4.884878635406494,shock,mellow,False
29,13,13,6.059999942779541,2.9200000762939453,5.98521614074707,4.37383508682251,lovely,cheerful,False
29,14,2,7.050000190734863,7.050000190734863,5.9678425788879395,4.613019943237305,exciting,love,False
29,15,21,2.9200000762939453,2.0299999713897705,6.008633136749268,4.37709903717041,depressing,cheerful,False
29,16,22,3.049999952316284,2.990000009536743,6.164036750793457,4.656978607177734,depressing,love,False
29,17,17,5.079999923706055,1.0,5.5811357498168945,4.579463005065918,mellow,cheerful,False
29,18,14,8.0600004196167,5.050000190734863,6.051967620849609,4.391224384307861,happy,cheerful,False
29,19,31,1.0,8.039999961853027,5.589962482452393,5.09984827041626,terrible,happy,False
29,20,33,1.9900000095367432,7.03000020980835,5.545686721801758,4.580910682678223,terrible,cheerful,False
29,21,10,7.010000228881836,9.0,5.430444240570068,5.176737308502197,exciting,fun,False
29,22,7,7.039999961853027,7.099999904632568,6.154609203338623,4.65338134765625,exciting,love,False
29,23,23,2.049999952316284,1.0,5.2584991455078125,4.334007263183594,depressing,mellow,False
29,24,1,6.059999942779541,5.059999942779541,5.658967971801758,4.579272270202637,happy,cheerful,False
29,25,28,1.0399999618530273,2.0999999046325684,5.155069351196289,4.308884143829346,depressing,mellow,False
29,26,36,5.03000020980835,7.050000190734863,5.204042911529541,4.245455265045166,shock,mellow,False
29,27,9,7.059999942779541,6.059999942779541,5.388675689697266,4.626192092895508,joy,lovely,False
29,28,35,1.9199999570846558,8.039999961853027,6.261209964752197,5.366307735443115,shock,fun,False
29,29,27,7.090000152587891,6.059999942779541,5.754212856292725,4.241735458374023,joy,lovely,False
29,30,29,3.9700000286102295,1.0,5.6559672355651855,4.11702299118042,sentimental,lovely,False
29,31,16,3.0,1.0,6.708123683929443,5.586272716522217,depressing,fun,False
29,32,4,7.170000076293945,8.09000015258789,4.785426139831543,5.481873512268066,exciting,shock,False
29,33,26,3.0,1.0,5.542630672454834,3.8331968784332275,depressing,lovely,False
29,34,20,8.029999732971191,7.090000152587891,5.597482204437256,4.655879020690918,exciting,cheerful,False
29,35,24,4.119999885559082,7.0,5.624722957611084,4.666090965270996,shock,cheerful,False
29,36,30,2.950000047683716,7.119999885559082,5.474770545959473,4.812070369720459,shock,love,False
29,37,38,1.8799999952316284,1.7899999618530273,5.720333576202393,5.3250298500061035,depressing,joy,False
29,38,15,4.010000228881836,1.9700000286102295,5.6065592765808105,4.652983665466309,sentimental,cheerful,False
29,39,34,3.950000047683716,7.96999979019165,5.1084442138671875,5.017500877380371,shock,happy,False
29,40,40,6.010000228881836,7.090000152587891,5.596099376678467,4.65886116027832,exciting,cheerful,False
30,1,24,5.989999771118164,4.949999809265137,4.15260124206543,2.419739007949829,happy,sentimental,False
30,2,25,3.9200000762939453,4.0,6.413312911987305,5.455352783203125,depressing,fun,False
30,3,13,4.039999961853027,4.96999979019165,5.424286365509033,5.930894374847412,sad,exciting,False
30,4,37,4.130000114440918,3.950000047683716,5.589867115020752,5.91148567199707,depressing,exciting,False
30,5,14,5.039999961853027,5.0,5.518934726715088,5.6749467849731445,happy,exciting,False
30,6,39,2.9700000286102295,4.119999885559082,6.15042781829834,6.855255126953125,melancholy,exciting,False
30,7,1,5.039999961853027,5.039999961853027,5.068636417388916,5.533642292022705,exciting,exciting,True
30,8,20,7.260000228881836,7.059999942779541,5.572236061096191,5.401683330535889,exciting,exciting,True
30,9,23,3.0,2.990000009536743,4.128187656402588,3.9953224658966064,depressing,depressing,True
30,10,21,3.049999952316284,2.9000000953674316,5.098757743835449,5.935732364654541,depressing,shock,False
30,11,12,5.150000095367432,3.0,5.300848007202148,5.584197044372559,mellow,exciting,False
30,12,35,5.039999961853027,4.940000057220459,4.6098551750183105,2.869382381439209,lovely,sentimental,False
30,13,11,6.059999942779541,7.139999866485596,5.436033248901367,5.541792392730713,exciting,exciting,True
30,14,17,7.130000114440918,6.059999942779541,4.734941005706787,4.308987140655518,joy,sentimental,False
30,15,2,7.150000095367432,6.119999885559082,6.156064987182617,4.594462871551514,joy,love,False
30,16,26,5.010000228881836,1.0,5.2465972900390625,5.660005569458008,mellow,exciting,False
30,17,5,6.190000057220459,6.940000057220459,5.538209915161133,5.18071985244751,exciting,fun,False
30,18,4,7.039999961853027,6.960000038146973,6.55630350112915,4.8029375076293945,exciting,love,False
30,19,34,4.989999771118164,6.010000228881836,6.143856048583984,5.853422164916992,shock,exciting,False
30,20,19,8.270000457763672,7.03000020980835,4.8164472579956055,5.5315351486206055,joy,shock,False
30,21,6,6.21999979019165,5.949999809265137,3.565852642059326,1.7200937271118164,exciting,sentimental,False
30,22,8,6.050000190734863,6.010000228881836,3.880507230758667,1.8973735570907593,exciting,sentimental,False
30,23,3,6.150000095367432,5.920000076293945,5.925747394561768,5.61199426651001,exciting,joy,False
30,24,15,5.010000228881836,4.010000228881836,5.2861647605896,5.195873737335205,mellow,exciting,False
30,25,33,3.9100000858306885,3.049999952316284,5.284457683563232,5.204065322875977,depressing,exciting,False
30,26,30,4.039999961853027,6.139999866485596,5.138179302215576,5.848685264587402,shock,exciting,False
30,27,22,4.050000190734863,4.03000020980835,5.067600250244141,4.695609092712402,depressing,mellow,False
30,28,16,5.039999961853027,5.039999961853027,3.189023971557617,5.1427812576293945,exciting,sad,False
30,29,7,4.050000190734863,4.059999942779541,5.184372425079346,5.003746032714844,depressing,happy,False
30,30,28,5.059999942779541,4.96999979019165,6.134476184844971,5.770820140838623,love,exciting,False
30,31,32,5.010000228881836,3.940000057220459,5.243818759918213,4.490641117095947,mellow,lovely,False
30,32,10,5.079999923706055,4.989999771118164,5.182522773742676,5.286229610443115,love,exciting,False
30,33,18,7.050000190734863,5.059999942779541,5.566499710083008,5.63588809967041,happy,exciting,False
30,34,40,5.050000190734863,3.990000009536743,4.740686416625977,4.398016452789307,mellow,sentimental,False
30,35,29,7.230000019073486,5.099999904632568,4.846076488494873,5.546438694000244,happy,shock,False
30,36,36,4.03000020980835,2.9600000381469727,4.155517101287842,4.55555534362793,depressing,melancholy,False
30,37,9,7.079999923706055,6.139999866485596,5.29371452331543,5.500669479370117,joy,exciting,False
30,38,27,8.010000228881836,6.269999980926514,5.1189985275268555,2.8508150577545166,fun,mellow,False
30,39,38,5.039999961853027,5.039999961853027,4.323888778686523,3.3274834156036377,exciting,sentimental,False
30,40,31,3.859999895095825,3.950000047683716,5.4056806564331055,5.338260650634766,depressing,exciting,False
31,1,19,7.949999809265137,6.059999942779541,5.353479862213135,5.404019832611084,fun,exciting,False
31,2,13,8.09000015258789,4.039999961853027,5.239026069641113,4.280384063720703,love,mellow,False
31,3,34,1.9500000476837158,8.029999732971191,4.328629970550537,5.5886030197143555,shock,shock,True
31,4,2,5.03000020980835,7.059999942779541,5.500107288360596,5.505609512329102,shock,exciting,False
31,5,27,5.0,1.9500000476837158,5.77419376373291,5.223326683044434,mellow,fun,False
31,6,11,9.0,2.819999933242798,5.453770637512207,5.306960105895996,cheerful,joy,False
31,7,28,5.010000228881836,1.9600000381469727,5.443403720855713,5.294006824493408,mellow,joy,False
31,8,26,7.079999923706055,1.9600000381469727,6.259857654571533,4.923115253448486,lovely,happy,False
31,9,21,5.090000152587891,8.039999961853027,5.167269229888916,5.758481979370117,shock,exciting,False
31,10,1,6.789999961853027,5.96999979019165,5.571074485778809,4.565811634063721,joy,cheerful,False
31,11,29,5.090000152587891,1.0,5.717434406280518,4.555096626281738,mellow,cheerful,False
31,12,32,1.0,7.96999979019165,5.715822219848633,5.317439079284668,terrible,joy,False
31,13,39,1.0,9.0,5.5873541831970215,5.23097562789917,shock,fun,False
31,14,24,5.0,2.059999942779541,5.662506103515625,5.293469429016113,mellow,joy,False
31,15,40,3.990000009536743,8.0600004196167,6.402255058288574,5.738850116729736,shock,joy,False
31,16,30,3.130000114440918,8.010000228881836,5.593094348907471,5.028683662414551,shock,happy,False
31,17,37,1.0,9.0,5.813572883605957,5.153642177581787,shock,happy,False
31,18,36,4.96999979019165,6.949999809265137,5.231827259063721,4.579797744750977,shock,lovely,False
31,19,38,1.0,9.0,6.715435981750488,5.547421932220459,shock,fun,False
31,20,6,4.989999771118164,4.96999979019165,5.685652732849121,5.5860371589660645,sentimental,exciting,False
31,21,18,7.059999942779541,2.619999885559082,5.739565849304199,5.811689376831055,lovely,exciting,False
31,22,17,4.940000057220459,2.0999999046325684,5.834397792816162,5.3246378898620605,mellow,fun,False
31,23,7,6.050000190734863,5.059999942779541,5.366904258728027,5.453804016113281,happy,exciting,False
31,24,25,6.139999866485596,3.0999999046325684,5.891889572143555,5.807709693908691,lovely,exciting,False
31,25,20,6.900000095367432,3.119999885559082,5.042141437530518,4.910546779632568,lovely,lovely,True
31,26,16,6.090000152587891,4.0,5.1948747634887695,5.420088768005371,lovely,exciting,False
31,27,33,4.179999828338623,9.0,5.629414081573486,5.4200663566589355,shock,joy,False
31,28,35,4.03000020980835,7.139999866485596,5.530793190002441,5.496883392333984,shock,exciting,False
31,29,22,5.039999961853027,3.9600000381469727,6.108455181121826,5.463762283325195,mellow,fun,False
31,30,9,6.059999942779541,3.880000114440918,5.221312046051025,4.861976623535156,lovely,cheerful,False
31,31,8,6.03000020980835,4.039999961853027,5.4082350730896,5.274349689483643,lovely,joy,False
31,32,4,6.96999979019165,2.9600000381469727,6.084179878234863,5.808186054229736,lovely,exciting,False
31,33,10,4.010000228881836,6.079999923706055,5.177669525146484,5.279250144958496,shock,exciting,False
31,34,5,6.21999979019165,5.03000020980835,7.061915397644043,5.343099117279053,happy,happy,True
31,35,3,8.039999961853027,5.079999923706055,6.28976583480835,5.949189186096191,happy,exciting,False
31,36,23,1.0,7.079999923706055,5.886655807495117,5.877673149108887,terrible,exciting,False
31,37,31,5.0,5.0,5.686619758605957,4.711238861083984,cheerful,love,False
31,38,15,6.050000190734863,1.0,5.518410682678223,4.982542991638184,mellow,happy,False
31,39,12,7.139999866485596,2.0999999046325684,5.895896911621094,5.7283616065979,lovely,exciting,False
31,40,14,8.0600004196167,3.950000047683716,4.906191349029541,4.901004314422607,love,depressing,False
32,1,28,6.03000020980835,5.0,4.64624547958374,5.352181911468506,happy,shock,False
32,2,32,3.869999885559082,7.150000095367432,4.805088520050049,5.215871810913086,shock,shock,True
32,3,14,7.099999904632568,6.03000020980835,4.9673919677734375,5.685634613037109,joy,shock,False
32,4,13,7.090000152587891,3.869999885559082,5.325139045715332,5.189079284667969,cheerful,joy,False
32,5,9,7.860000133514404,4.170000076293945,5.215401649475098,6.029427528381348,love,exciting,False
32,6,15,5.010000228881836,1.7699999809265137,4.839705467224121,5.482509136199951,mellow,shock,False
32,7,33,4.059999942779541,1.0,4.992397308349609,5.336840629577637,sentimental,shock,False
32,8,2,4.989999771118164,2.990000009536743,5.874346733093262,5.8117451667785645,mellow,exciting,False
32,9,8,7.960000038146973,6.059999942779541,5.128676891326904,5.998601913452148,fun,exciting,False
32,10,37,2.809999942779541,6.130000114440918,4.633296966552734,5.087887763977051,terrible,hate,False
32,11,16,3.9700000286102295,6.0,5.084133148193359,5.331545829772949,shock,exciting,False
32,12,21,4.119999885559082,5.989999771118164,5.105581760406494,5.679838180541992,shock,exciting,False
32,13,24,1.0,7.309999942779541,4.932008743286133,5.945516586303711,terrible,shock,False
32,14,22,4.150000095367432,6.059999942779541,5.0177435874938965,5.764323711395264,shock,shock,True
32,15,6,5.78000020980835,3.990000009536743,5.246186256408691,5.337339878082275,lovely,exciting,False
32,16,35,3.880000114440918,7.260000228881836,5.107729434967041,5.843930721282959,shock,exciting,False
32,17,12,7.309999942779541,3.880000114440918,5.351090908050537,5.179955005645752,love,joy,False
32,18,4,6.960000038146973,5.139999866485596,5.064846992492676,5.198036193847656,happy,exciting,False
32,19,39,3.990000009536743,7.170000076293945,5.1059489250183105,5.57023811340332,shock,exciting,False
32,20,17,6.090000152587891,5.03000020980835,4.831522464752197,5.608365058898926,happy,shock,False
32,21,11,8.239999771118164,6.21999979019165,4.600886344909668,4.456247329711914,fun,depressing,False
32,22,30,1.0,7.269999980926514,5.971236705780029,5.928924083709717,terrible,exciting,False
32,23,40,7.150000095367432,4.03000020980835,4.60941219329834,4.854409694671631,love,melancholy,False
32,24,20,6.03000020980835,4.119999885559082,4.953402519226074,5.259739875793457,lovely,shock,False
32,25,36,3.9100000858306885,6.960000038146973,4.504175662994385,5.357499122619629,shock,terrible,False
32,26,34,4.050000190734863,6.269999980926514,5.374412536621094,5.427013397216797,shock,exciting,False
32,27,5,7.150000095367432,5.940000057220459,4.638415336608887,5.362399578094482,joy,shock,False
32,28,27,6.0,7.239999771118164,5.333522796630859,5.612886428833008,exciting,exciting,True
32,29,31,4.170000076293945,5.960000038146973,5.5969557762146,6.359748840332031,shock,exciting,False
32,30,19,8.239999771118164,7.239999771118164,4.5965776443481445,4.749959945678711,exciting,melancholy,False
32,31,38,3.049999952316284,7.010000228881836,5.420881748199463,5.8708343505859375,shock,exciting,False
32,32,29,4.090000152587891,6.079999923706055,5.103006362915039,5.843369483947754,shock,exciting,False
32,33,26,5.139999866485596,3.0899999141693115,4.765751838684082,5.420458793640137,mellow,shock,False
32,34,7,4.940000057220459,4.090000152587891,5.215871334075928,5.654572010040283,sentimental,exciting,False
32,35,23,3.009999990463257,6.150000095367432,5.387424468994141,4.996373176574707,terrible,happy,False
32,36,1,8.130000114440918,4.829999923706055,4.646604537963867,5.593144416809082,happy,shock,False
32,37,18,8.029999732971191,7.059999942779541,4.933377265930176,4.841249942779541,exciting,sentimental,False
32,38,3,8.050000190734863,7.090000152587891,5.196173667907715,5.039839267730713,exciting,happy,False
32,39,25,4.010000228881836,7.170000076293945,4.903663158416748,4.556018829345703,shock,sentimental,False
32,40,10,4.079999923706055,5.949999809265137,4.82568359375,5.327767848968506,shock,shock,True
